北京市	110000	北京
	北京市	110000	北京
		市辖区	110100	市辖区
		东城区	110101	东城
		西城区	110102	西城
		朝阳区	110105	朝阳
		丰台区	110106	丰台
		石景山区	110107	石景山
		海淀区	110108	海淀
		门头沟区	110109	门头沟
		房山区	110111	房山
		通州区	110112	通州
		顺义区	110113	顺义
		昌平区	110114	昌平
		大兴区	110115	大兴
		怀柔区	110116	怀柔
		平谷区	110117	平谷
		密云区	110118	密云
		延庆区	110119	延庆
天津市	120000	天津
	天津市	120000	天津
		市辖区	120100	市辖区
		和平区	120101	和平
		河东区	120102	河东
		河西区	120103	河西
		南开区	120104	南开
		河北区	120105	河北区
		红桥区	120106	红桥
		东丽区	120110	东丽
		西青区	120111	西青
		津南区	120112	津南
		北辰区	120113	北辰
		武清区	120114	武清
		宝坻区	120115	宝坻
		滨海新区	120116	滨海
		宁河区	120117	宁河
		静海区	120118	静海
		蓟州区	120119	蓟州
河北省	130000	河北
	石家庄市	130100	石家庄
		市辖区	130101	市辖区
		长安区	130102	长安
		桥西区	130104	桥西
		新华区	130105	新华
		井陉矿区	130107	井陉矿
		裕华区	130108	裕华
		藁城区	130109	藁城
		鹿泉区	130110	鹿泉
		栾城区	130111	栾城
		井陉县	130121	井陉
		正定县	130123	正定
		行唐县	130125	行唐
		灵寿县	130126	灵寿
		高邑县	130127	高邑
		深泽县	130128	深泽
		赞皇县	130129	赞皇
		无极县	130130	无极
		平山县	130131	平山
		元氏县	130132	元氏
		赵县	130133	赵县
		石家庄高新技术产业开发区	130171	高新区
		石家庄循环化工园区	130172	化工园区
		辛集市	130181	辛集
		晋州市	130183	晋州
		新乐市	130184	新乐
	唐山市	130200	唐山
		市辖区	130201	市辖区
		路南区	130202	路南
		路北区	130203	路北
		古冶区	130204	古冶
		开平区	130205	开平
		丰南区	130207	丰南
		丰润区	130208	丰润
		曹妃甸区	130209	曹妃甸
		滦南县	130224	滦南
		乐亭县	130225	乐亭
		迁西县	130227	迁西
		玉田县	130229	玉田
		唐山市芦台经济技术开发区	130271	芦台经开区
		唐山市汉沽管理区	130272	管理区
		唐山高新技术产业开发区	130273	高新区
		河北唐山海港经济开发区	130274	唐港区
		遵化市	130281	遵化
		迁安市	130283	迁安
		滦州市	130284	滦州
	秦皇岛市	130300	秦皇岛
		市辖区	130301	市辖区
		海港区	130302	海港
		山海关区	130303	山海关
		北戴河区	130304	北戴河
		抚宁区	130306	抚宁
		青龙满族自治县	130321	青龙
		昌黎县	130322	昌黎
		卢龙县	130324	卢龙
		秦皇岛市经济技术开发区	130371	经开区
		北戴河新区	130372	北戴河新区
	邯郸市	130400	邯郸
		市辖区	130401	市辖区
		邯山区	130402	邯山
		丛台区	130403	丛台
		复兴区	130404	复兴
		峰峰矿区	130406	峰峰
		肥乡区	130407	肥乡
		永年区	130408	永年
		临漳县	130423	临漳
		成安县	130424	成安
		大名县	130425	大名
		涉县	130426	涉县
		磁县	130427	磁县
		邱县	130430	邱县
		鸡泽县	130431	鸡泽
		广平县	130432	广平
		馆陶县	130433	馆陶
		魏县	130434	魏县
		曲周县	130435	曲周
		邯郸经济技术开发区	130471	经开区
		邯郸冀南新区	130473	冀南
		武安市	130481	武安
	邢台市	130500	邢台
		市辖区	130501	市辖区
		桥东区	130502	桥东
		桥西区	130503	桥西
		邢台县	130521	邢台县
		临城县	130522	临城
		内丘县	130523	内丘
		柏乡县	130524	柏乡
		隆尧县	130525	隆尧
		任县	130526	任县
		南和县	130527	南和
		宁晋县	130528	宁晋
		巨鹿县	130529	巨鹿
		新河县	130530	新河
		广宗县	130531	广宗
		平乡县	130532	平乡
		威县	130533	威县
		清河县	130534	清河
		临西县	130535	临西
		河北邢台经济开发区	130571	经开区
		南宫市	130581	南宫
		沙河市	130582	沙河
	保定市	130600	保定
		市辖区	130601	市辖区
		竞秀区	130602	竞秀
		莲池区	130606	莲池
		满城区	130607	满城
		清苑区	130608	清苑
		徐水区	130609	徐水
		涞水县	130623	涞水
		阜平县	130624	阜平
		定兴县	130626	定兴
		唐县	130627	唐县
		高阳县	130628	高阳
		容城县	130629	容城
		涞源县	130630	涞源
		望都县	130631	望都
		安新县	130632	安新
		易县	130633	易县
		曲阳县	130634	曲阳
		蠡县	130635	蠡县
		顺平县	130636	顺平
		博野县	130637	博野
		雄县	130638	雄县
		保定高新技术产业开发区	130671	高新区
		保定白沟新城	130672	白沟新城
		涿州市	130681	涿州
		定州市	130682	定州
		安国市	130683	安国
		高碑店市	130684	高碑店
	张家口市	130700	张家口
		市辖区	130701	市辖区
		桥东区	130702	桥东
		桥西区	130703	桥西
		宣化区	130705	宣化
		下花园区	130706	下花园
		万全区	130708	万全
		崇礼区	130709	崇礼
		张北县	130722	张北
		康保县	130723	康保
		沽源县	130724	沽源
		尚义县	130725	尚义
		蔚县	130726	蔚县
		阳原县	130727	阳原
		怀安县	130728	怀安
		怀来县	130730	怀来
		涿鹿县	130731	涿鹿
		赤城县	130732	赤城
		张家口市高新技术产业开发区	130771	高新区
		张家口市察北管理区	130772	察北
		张家口市塞北管理区	130773	塞北
	承德市	130800	承德
		市辖区	130801	市辖区
		双桥区	130802	双桥
		双滦区	130803	双滦
		鹰手营子矿区	130804	鹰手营子矿
		承德县	130821	承德
		兴隆县	130822	兴隆
		滦平县	130824	滦平
		隆化县	130825	隆化
		丰宁满族自治县	130826	丰宁
		宽城满族自治县	130827	宽城
		围场满族蒙古族自治县	130828	围场
		承德高新技术产业开发区	130871	高新区
		平泉市	130881	平泉
	沧州市	130900	沧州
		市辖区	130901	市辖区
		新华区	130902	新华
		运河区	130903	运河
		沧县	130921	沧县
		青县	130922	青县
		东光县	130923	东光
		海兴县	130924	海兴
		盐山县	130925	盐山
		肃宁县	130926	肃宁
		南皮县	130927	南皮
		吴桥县	130928	吴桥
		献县	130929	献县
		孟村回族自治县	130930	孟村
		河北沧州经济开发区	130971	经开区
		沧州高新技术产业开发区	130972	高新区
		沧州渤海新区	130973	渤海新区
		泊头市	130981	泊头
		任丘市	130982	任丘
		黄骅市	130983	黄骅
		河间市	130984	河间
	廊坊市	131000	廊坊
		市辖区	131001	市辖区
		安次区	131002	安次
		广阳区	131003	广阳
		固安县	131022	固安
		永清县	131023	永清
		香河县	131024	香河
		大城县	131025	大城
		文安县	131026	文安
		大厂回族自治县	131028	大厂
		廊坊经济技术开发区	131071	经开区
		霸州市	131081	霸州
		三河市	131082	三河
	衡水市	131100	衡水
		市辖区	131101	市辖
		桃城区	131102	桃城
		冀州区	131103	冀州
		枣强县	131121	枣强
		武邑县	131122	武邑
		武强县	131123	武强
		饶阳县	131124	饶阳
		安平县	131125	安平
		故城县	131126	故城
		景县	131127	景县
		阜城县	131128	阜城
		河北衡水高新技术产业开发区	131171	高新区
		衡水滨湖新区	131172	滨湖
		深州市	131182	深州
山西省	140000	山西
	太原市	140100	太原
		市辖区	140101	市辖区
		小店区	140105	小店
		迎泽区	140106	迎泽
		杏花岭区	140107	杏花岭
		尖草坪区	140108	尖草坪
		万柏林区	140109	万柏林
		晋源区	140110	晋源
		清徐县	140121	清徐
		阳曲县	140122	阳曲
		娄烦县	140123	娄烦
		山西转型综合改革示范区	140171	示范区
		古交市	140181	古交
	大同市	140200	大同
		市辖区	140201	市辖区
		新荣区	140212	新荣
		平城区	140213	平城
		云冈区	140214	云冈
		云州区	140215	云州
		阳高县	140221	阳高
		天镇县	140222	天镇
		广灵县	140223	广灵
		灵丘县	140224	灵丘
		浑源县	140225	浑源
		左云县	140226	左云
		山西大同经济开发区	140271	经开区
	阳泉市	140300	阳泉
		市辖区	140301	市辖区
		城区	140302	城区
		矿区	140303	矿区
		郊区	140311	郊区
		平定县	140321	平定
		盂县	140322	盂县
	长治市	140400	长治
		市辖区	140401	市辖区
		潞州区	140403	潞州
		上党区	140404	上党
		屯留区	140405	屯留
		潞城区	140406	潞城
		襄垣县	140423	襄垣
		平顺县	140425	平顺
		黎城县	140426	黎城
		壶关县	140427	壶关
		长子县	140428	长子
		武乡县	140429	武乡
		沁县	140430	沁县
		沁源县	140431	沁源
		山西长治高新技术产业园区	140471	高新区
	晋城市	140500	晋城
		市辖区	140501	市辖区
		城区	140502	城区
		沁水县	140521	沁水
		阳城县	140522	阳城
		陵川县	140524	陵川
		泽州县	140525	泽州
		高平市	140581	高平
	朔州市	140600	朔州
		市辖区	140601	市辖区
		朔城区	140602	朔城
		平鲁区	140603	平鲁
		山阴县	140621	山阴
		应县	140622	应县
		右玉县	140623	右玉
		山西朔州经济开发区	140671	经开区
		怀仁市	140681	怀仁
	晋中市	140700	晋中
		市辖区	140701	市辖区
		榆次区	140702	榆次
		榆社县	140721	榆社
		左权县	140722	左权
		和顺县	140723	和顺
		昔阳县	140724	昔阳
		寿阳县	140725	寿阳
		太谷区	140703	太谷
		祁县	140727	祁县
		平遥县	140728	平遥
		灵石县	140729	灵石
		介休市	140781	介休
	运城市	140800	运城
		市辖区	140801	市辖区
		盐湖区	140802	盐湖
		临猗县	140821	临猗
		万荣县	140822	万荣
		闻喜县	140823	闻喜
		稷山县	140824	稷山
		新绛县	140825	新绛
		绛县	140826	绛县
		垣曲县	140827	垣曲
		夏县	140828	夏县
		平陆县	140829	平陆
		芮城县	140830	芮城
		永济市	140881	永济
		河津市	140882	河津
	忻州市	140900	忻州
		市辖区	140901	市辖区
		忻府区	140902	忻府
		定襄县	140921	定襄
		五台县	140922	五台
		代县	140923	代县
		繁峙县	140924	繁峙
		宁武县	140925	宁武
		静乐县	140926	静乐
		神池县	140927	神池
		五寨县	140928	五寨
		岢岚县	140929	岢岚
		河曲县	140930	河曲
		保德县	140931	保德
		偏关县	140932	偏关
		五台山风景名胜区	140971	五台山
		原平市	140981	原平
	临汾市	141000	临汾
		市辖区	141001	市辖区
		尧都区	141002	尧都
		曲沃县	141021	曲沃
		翼城县	141022	翼城
		襄汾县	141023	襄汾
		洪洞县	141024	洪洞
		古县	141025	古县
		安泽县	141026	安泽
		浮山县	141027	浮山
		吉县	141028	吉县
		乡宁县	141029	乡宁
		大宁县	141030	大宁
		隰县	141031	隰县
		永和县	141032	永和
		蒲县	141033	蒲县
		汾西县	141034	汾西
		侯马市	141081	侯马
		霍州市	141082	霍州
	吕梁市	141100	吕梁
		市辖区	141101	市辖区
		离石区	141102	离石
		文水县	141121	文水
		交城县	141122	交城
		兴县	141123	兴县
		临县	141124	临县
		柳林县	141125	柳林
		石楼县	141126	石楼
		岚县	141127	岚县
		方山县	141128	方山
		中阳县	141129	中阳
		交口县	141130	交口
		孝义市	141181	孝义
		汾阳市	141182	汾阳
内蒙古自治区	150000	内蒙古
	呼和浩特市	150100	呼和浩特
		市辖区	150101	市辖区
		新城区	150102	新城
		回民区	150103	回民
		玉泉区	150104	玉泉
		赛罕区	150105	赛罕
		土默特左旗	150121	土左旗
		托克托县	150122	托克托
		和林格尔县	150123	和林格尔
		清水河县	150124	清水河
		武川县	150125	武川
		呼和浩特金海工业园区	150171	金海
		呼和浩特经济技术开发区	150172	经开区
	包头市	150200	包头
		市辖区	150201	市辖区
		东河区	150202	东河
		昆都仑区	150203	昆都仑
		青山区	150204	青山
		石拐区	150205	石拐
		白云鄂博矿区	150206	白云鄂博
		九原区	150207	九原
		土默特右旗	150221	土右旗
		固阳县	150222	固阳
		达尔罕茂明安联合旗	150223	达茂旗
		包头稀土高新技术产业开发区	150271	高新区
	乌海市	150300	乌海
		市辖区	150301	市辖区
		海勃湾区	150302	海勃湾
		海南区	150303	海南区
		乌达区	150304	乌达
	赤峰市	150400	赤峰
		市辖区	150401	市辖区
		红山区	150402	红山
		元宝山区	150403	元宝山
		松山区	150404	松山
		阿鲁科尔沁旗	150421	阿鲁科尔沁
		巴林左旗	150422	巴左旗
		巴林右旗	150423	巴右旗
		林西县	150424	林西
		克什克腾旗	150425	克什克腾
		翁牛特旗	150426	翁牛特
		喀喇沁旗	150428	喀旗
		宁城县	150429	宁城
		敖汉旗	150430	敖汉
	通辽市	150500	通辽
		市辖区	150501	市辖区
		科尔沁区	150502	科尔沁
		科尔沁左翼中旗	150521	科左中旗
		科尔沁左翼后旗	150522	科左后旗
		开鲁县	150523	开鲁
		库伦旗	150524	库伦
		奈曼旗	150525	奈曼
		扎鲁特旗	150526	扎鲁特
		通辽经济技术开发区	150571	经开区
		霍林郭勒市	150581	霍林郭勒
	鄂尔多斯市	150600	鄂尔多斯
		市辖区	150601	市辖区
		东胜区	150602	东胜
		康巴什区	150603	康巴什
		达拉特旗	150621	达旗
		准格尔旗	150622	准旗
		鄂托克前旗	150623	鄂前旗
		鄂托克旗	150624	鄂旗
		杭锦旗	150625	杭锦
		乌审旗	150626	乌审
		伊金霍洛旗	150627	伊旗
	呼伦贝尔市	150700	呼伦贝尔
		市辖区	150701	市辖区
		海拉尔区	150702	海拉尔
		扎赉诺尔区	150703	扎赉诺尔
		阿荣旗	150721	阿旗
		莫力达瓦达斡尔族自治旗	150722	莫旗
		鄂伦春自治旗	150723	鄂伦春
		鄂温克族自治旗	150724	鄂温克
		陈巴尔虎旗	150725	陈旗
		新巴尔虎左旗	150726	新左旗
		新巴尔虎右旗	150727	新右旗
		满洲里市	150781	满洲里
		牙克石市	150782	牙克石
		扎兰屯市	150783	扎兰屯
		额尔古纳市	150784	额尔古纳
		根河市	150785	根河
	巴彦淖尔市	150800	巴彦淖尔
		市辖区	150801	市辖区
		临河区	150802	临河
		五原县	150821	五原
		磴口县	150822	磴口
		乌拉特前旗	150823	乌前旗
		乌拉特中旗	150824	乌中旗
		乌拉特后旗	150825	乌后旗
		杭锦后旗	150826	杭后旗
	乌兰察布市	150900	乌兰察布
		市辖区	150901	市辖区
		集宁区	150902	集宁
		卓资县	150921	卓资
		化德县	150922	化德
		商都县	150923	商都
		兴和县	150924	兴和
		凉城县	150925	凉城
		察哈尔右翼前旗	150926	察右前旗
		察哈尔右翼中旗	150927	察右中旗
		察哈尔右翼后旗	150928	察右后旗
		四子王旗	150929	四子王旗
		丰镇市	150981	丰镇
	兴安盟	152200	兴安盟
		乌兰浩特市	152201	乌兰浩特
		阿尔山市	152202	阿尔山
		科尔沁右翼前旗	152221	科右前旗
		科尔沁右翼中旗	152222	科右中旗
		扎赉特旗	152223	扎旗
		突泉县	152224	突泉
	锡林郭勒盟	152500	锡林郭勒
		二连浩特市	152501	二连浩特
		锡林浩特市	152502	锡林浩特
		阿巴嘎旗	152522	阿巴嘎
		苏尼特左旗	152523	苏左旗
		苏尼特右旗	152524	苏右旗
		东乌珠穆沁旗	152525	东乌旗
		西乌珠穆沁旗	152526	西乌旗
		太仆寺旗	152527	太仆寺
		镶黄旗	152528	镶黄旗
		正镶白旗	152529	正镶白旗
		正蓝旗	152530	正蓝旗
		多伦县	152531	多伦
		乌拉盖管委会	152571	乌拉盖
	阿拉善盟	152900	阿拉善
		阿拉善左旗	152921	阿左旗
		阿拉善右旗	152922	阿右旗
		额济纳旗	152923	额旗
		内蒙古阿拉善经济开发区	152971	经开区
辽宁省	210000	辽宁
	沈阳市	210100	沈阳
		市辖区	210101	市辖区
		和平区	210102	和平
		沈河区	210103	沈河
		大东区	210104	大东
		皇姑区	210105	皇姑
		铁西区	210106	铁西
		苏家屯区	210111	苏家屯
		浑南区	210112	浑南
		沈北新区	210113	沈北
		于洪区	210114	于洪
		辽中区	210115	辽中
		康平县	210123	康平
		法库县	210124	法库
		新民市	210181	新民
	大连市	210200	大连
		市辖区	210201	市辖区
		中山区	210202	中山区
		西岗区	210203	西岗
		沙河口区	210204	沙河口
		甘井子区	210211	甘井子
		旅顺口区	210212	旅顺口
		金州区	210213	金州
		普兰店区	210214	普兰店
		长海县	210224	长海
		瓦房店市	210281	瓦房店
		庄河市	210283	庄河
	鞍山市	210300	鞍山
		市辖区	210301	市辖区
		铁东区	210302	铁东
		铁西区	210303	铁西
		立山区	210304	立山
		千山区	210311	千山
		台安县	210321	台安
		岫岩满族自治县	210323	岫岩
		海城市	210381	海城
	抚顺市	210400	抚顺
		市辖区	210401	市辖区
		新抚区	210402	新抚
		东洲区	210403	东洲
		望花区	210404	望花
		顺城区	210411	顺城
		抚顺县	210421	抚顺县
		新宾满族自治县	210422	新宾
		清原满族自治县	210423	清原
	本溪市	210500	本溪
		市辖区	210501	市辖区
		平山区	210502	平山
		溪湖区	210503	溪湖
		明山区	210504	明山
		南芬区	210505	南芬
		本溪满族自治县	210521	本溪
		桓仁满族自治县	210522	桓仁
	丹东市	210600	丹东
		市辖区	210601	市辖区
		元宝区	210602	元宝
		振兴区	210603	振兴
		振安区	210604	振安
		宽甸满族自治县	210624	宽甸
		东港市	210681	东港
		凤城市	210682	凤城
	锦州市	210700	锦州
		市辖区	210701	市辖区
		古塔区	210702	古塔
		凌河区	210703	凌河
		太和区	210711	太和
		黑山县	210726	黑山
		义县	210727	义县
		凌海市	210781	凌海
		北镇市	210782	北镇
	营口市	210800	营口
		市辖区	210801	市辖区
		站前区	210802	站前
		西市区	210803	西市
		鲅鱼圈区	210804	鲅鱼圈
		老边区	210811	老边
		盖州市	210881	盖州
		大石桥市	210882	大石桥
	阜新市	210900	阜新
		市辖区	210901	市辖区
		海州区	210902	海州
		新邱区	210903	新邱
		太平区	210904	太平
		清河门区	210905	清河门
		细河区	210911	细河
		阜新蒙古族自治县	210921	阜新
		彰武县	210922	彰武
	辽阳市	211000	辽阳
		市辖区	211001	市辖区
		白塔区	211002	白塔
		文圣区	211003	文圣
		宏伟区	211004	宏伟
		弓长岭区	211005	弓长岭
		太子河区	211011	太子河
		辽阳县	211021	辽阳县
		灯塔市	211081	灯塔
	盘锦市	211100	盘锦
		市辖区	211101	市辖区
		双台子区	211102	双台子
		兴隆台区	211103	兴隆台
		大洼区	211104	大洼
		盘山县	211122	盘山
	铁岭市	211200	铁岭
		市辖区	211201	市辖区
		银州区	211202	银州
		清河区	211204	清河
		铁岭县	211221	铁岭
		西丰县	211223	西丰
		昌图县	211224	昌图
		调兵山市	211281	调兵山
		开原市	211282	开原
	朝阳市	211300	朝阳
		市辖区	211301	市辖区
		双塔区	211302	双塔
		龙城区	211303	龙城
		朝阳县	211321	朝阳
		建平县	211322	建平
		喀喇沁左翼蒙古族自治县	211324	喀左
		北票市	211381	北票
		凌源市	211382	凌源
	葫芦岛市	211400	葫芦岛
		市辖区	211401	市辖区
		连山区	211402	连山
		龙港区	211403	龙港
		南票区	211404	南票
		绥中县	211421	绥中
		建昌县	211422	建昌
		兴城市	211481	兴城
吉林省	220000	吉林
	长春市	220100	长春
		市辖区	220101	市辖区
		南关区	220102	南关
		宽城区	220103	宽城
		朝阳区	220104	朝阳
		二道区	220105	二道
		绿园区	220106	绿园
		双阳区	220112	双阳
		九台区	220113	九台
		农安县	220122	农安
		长春经济技术开发区	220171	经开区
		长春净月高新技术产业开发区	220172	净月
		长春高新技术产业开发区	220173	高新区
		长春汽车经济技术开发区	220174	汽开区
		榆树市	220182	榆树
		德惠市	220183	德惠
	吉林市	220200	吉林
		市辖区	220201	市辖区
		昌邑区	220202	昌邑
		龙潭区	220203	龙潭
		船营区	220204	船营
		丰满区	220211	丰满
		永吉县	220221	永吉
		吉林经济开发区	220271	经开区
		吉林高新技术产业开发区	220272	高新区
		吉林中国新加坡食品区	220273	中新食品区
		蛟河市	220281	蛟河
		桦甸市	220282	桦甸
		舒兰市	220283	舒兰
		磐石市	220284	磐石
	四平市	220300	四平
		市辖区	220301	市辖区
		铁西区	220302	铁西
		铁东区	220303	铁东
		梨树县	220322	梨树
		伊通满族自治县	220323	伊通
		公主岭市	220381	公主岭
		双辽市	220382	双辽
	辽源市	220400	辽源
		市辖区	220401	市辖区
		龙山区	220402	龙山
		西安区	220403	西安
		东丰县	220421	东丰
		东辽县	220422	东辽
	通化市	220500	通化
		市辖区	220501	市辖区
		东昌区	220502	东昌
		二道江区	220503	二道江
		通化县	220521	通化
		辉南县	220523	辉南
		柳河县	220524	柳河
		梅河口市	220581	梅河口
		集安市	220582	集安
	白山市	220600	白山
		市辖区	220601	市辖区
		浑江区	220602	浑江
		江源区	220605	江源
		抚松县	220621	抚松
		靖宇县	220622	靖宇
		长白朝鲜族自治县	220623	长白
		临江市	220681	临江
	松原市	220700	松原
		市辖区	220701	市辖区
		宁江区	220702	宁江
		前郭尔罗斯蒙古族自治县	220721	前郭
		长岭县	220722	长岭
		乾安县	220723	乾安
		吉林松原经济开发区	220771	经开区
		扶余市	220781	扶余
	白城市	220800	白城
		市辖区	220801	市辖区
		洮北区	220802	洮北
		镇赉县	220821	镇赉
		通榆县	220822	通榆
		吉林白城经济开发区	220871	经开区
		洮南市	220881	洮南
		大安市	220882	大安
	延边朝鲜族自治州	222400	延边
		延吉市	222401	延吉
		图们市	222402	图们
		敦化市	222403	敦化
		珲春市	222404	珲春
		龙井市	222405	龙井
		和龙市	222406	和龙
		汪清县	222424	汪清
		安图县	222426	安图
黑龙江省	230000	黑龙江
	哈尔滨市	230100	哈尔滨
		市辖区	230101	市辖区
		道里区	230102	道里
		南岗区	230103	南岗
		道外区	230104	道外
		平房区	230108	平房
		松北区	230109	松北
		香坊区	230110	香坊
		呼兰区	230111	呼兰
		阿城区	230112	阿城
		双城区	230113	双城
		依兰县	230123	依兰
		方正县	230124	方正
		宾县	230125	宾县
		巴彦县	230126	巴彦
		木兰县	230127	木兰
		通河县	230128	通河
		延寿县	230129	延寿
		尚志市	230183	尚志
		五常市	230184	五常
	齐齐哈尔市	230200	齐齐哈尔
		市辖区	230201	市辖区
		龙沙区	230202	龙沙
		建华区	230203	建华
		铁锋区	230204	铁锋
		昂昂溪区	230205	昂昂溪
		富拉尔基区	230206	富拉尔基
		碾子山区	230207	碾子山
		梅里斯达斡尔族区	230208	梅里斯
		龙江县	230221	龙江
		依安县	230223	依安
		泰来县	230224	泰来
		甘南县	230225	甘南
		富裕县	230227	富裕
		克山县	230229	克山
		克东县	230230	克东
		拜泉县	230231	拜泉
		讷河市	230281	讷河
	鸡西市	230300	鸡西
		市辖区	230301	市辖区
		鸡冠区	230302	鸡冠
		恒山区	230303	恒山
		滴道区	230304	滴道
		梨树区	230305	梨树
		城子河区	230306	城子河
		麻山区	230307	麻山
		鸡东县	230321	鸡东
		虎林市	230381	虎林
		密山市	230382	密山
	鹤岗市	230400	鹤岗
		市辖区	230401	市辖区
		向阳区	230402	向阳
		工农区	230403	工农
		南山区	230404	南山
		兴安区	230405	兴安
		东山区	230406	东山
		兴山区	230407	兴山
		萝北县	230421	萝北
		绥滨县	230422	绥滨
	双鸭山市	230500	双鸭山
		市辖区	230501	市辖区
		尖山区	230502	尖山
		岭东区	230503	岭东
		四方台区	230505	四方台
		宝山区	230506	宝山
		集贤县	230521	集贤
		友谊县	230522	友谊
		宝清县	230523	宝清
		饶河县	230524	饶河
	大庆市	230600	大庆
		市辖区	230601	市辖区
		萨尔图区	230602	萨尔图
		龙凤区	230603	龙凤
		让胡路区	230604	让胡路
		红岗区	230605	红岗
		大同区	230606	大同区
		肇州县	230621	肇州
		肇源县	230622	肇源
		林甸县	230623	林甸
		杜尔伯特蒙古族自治县	230624	杜尔伯特
		大庆高新技术产业开发区	230671	高新区
	伊春市	230700	伊春
		市辖区	230701	市辖区
		伊春区	230702	伊春区
		南岔区	230703	南岔
		友好区	230704	友好
		西林区	230705	西林
		翠峦区	230706	翠峦
		新青区	230707	新青
		美溪区	230708	美溪
		金山屯区	230709	金山屯
		五营区	230710	五营
		乌马河区	230711	乌马河
		汤旺河区	230712	汤旺河
		带岭区	230713	带岭
		乌伊岭区	230714	乌伊岭
		红星区	230715	红星
		上甘岭区	230716	上甘岭
		伊美区	230717	伊美
		乌翠区	230718	乌翠
		友好区	230719	友好
		汤旺县	230723	汤旺
		丰林县	230724	丰林
		大箐山县	230725	大箐山
		南岔县	230726	南岔
		金林区	230751	金林
		嘉荫县	230722	嘉荫
		铁力市	230781	铁力
	佳木斯市	230800	佳木斯
		市辖区	230801	市辖区
		向阳区	230803	向阳
		前进区	230804	前进
		东风区	230805	东风
		郊区	230811	郊区
		桦南县	230822	桦南
		桦川县	230826	桦川
		汤原县	230828	汤原
		同江市	230881	同江
		富锦市	230882	富锦
		抚远市	230883	抚远
	七台河市	230900	七台河
		市辖区	230901	市辖区
		新兴区	230902	新兴
		桃山区	230903	桃山
		茄子河区	230904	茄子河
		勃利县	230921	勃利
	牡丹江市	231000	牡丹江
		市辖区	231001	市辖区
		东安区	231002	东安
		阳明区	231003	阳明
		爱民区	231004	爱民
		西安区	231005	西安区
		林口县	231025	林口
		牡丹江经济技术开发区	231071	经开区
		绥芬河市	231081	绥芬河
		海林市	231083	海林
		宁安市	231084	宁安
		穆棱市	231085	穆棱
		东宁市	231086	东宁
	黑河市	231100	黑河
		市辖区	231101	市辖区
		爱辉区	231102	爱辉
		嫩江县	231121	嫩江
		逊克县	231123	逊克
		孙吴县	231124	孙吴
		北安市	231181	北安
		五大连池市	231182	五大连池
		嫩江市	231183	嫩江
	绥化市	231200	绥化
		市辖区	231201	市辖区
		北林区	231202	北林
		望奎县	231221	望奎
		兰西县	231222	兰西
		青冈县	231223	青冈
		庆安县	231224	庆安
		明水县	231225	明水
		绥棱县	231226	绥棱
		安达市	231281	安达
		肇东市	231282	肇东
		海伦市	231283	海伦
	大兴安岭地区	232700	大兴安岭
		漠河市	232701	漠河
		呼玛县	232721	呼玛
		塔河县	232722	塔河
		加格达奇区	232761	加格达奇
		松岭区	232762	松岭
		新林区	232763	新林
		呼中区	232764	呼中
上海市	310000	上海
	上海市	310000	上海
		市辖区	310100	市辖区
		黄浦区	310101	黄浦
		徐汇区	310104	徐汇
		长宁区	310105	长宁
		静安区	310106	静安
		普陀区	310107	普陀
		虹口区	310109	虹口
		杨浦区	310110	杨浦
		闵行区	310112	闵行
		宝山区	310113	宝山
		嘉定区	310114	嘉定
		浦东新区	310115	浦东
		金山区	310116	金山
		松江区	310117	松江
		青浦区	310118	青浦
		奉贤区	310120	奉贤
		崇明区	310151	崇明
江苏省	320000	江苏
	南京市	320100	南京
		市辖区	320101	市辖区
		玄武区	320102	玄武
		秦淮区	320104	秦淮
		建邺区	320105	建邺
		鼓楼区	320106	鼓楼
		浦口区	320111	浦口
		栖霞区	320113	栖霞
		雨花台区	320114	雨花台
		江宁区	320115	江宁
		六合区	320116	六合
		溧水区	320117	溧水
		高淳区	320118	高淳
	无锡市	320200	无锡
		市辖区	320201	市辖区
		锡山区	320205	锡山
		惠山区	320206	惠山
		滨湖区	320211	滨湖
		梁溪区	320213	梁溪
		新吴区	320214	新吴
		江阴市	320281	江阴
		宜兴市	320282	宜兴
	徐州市	320300	徐州
		市辖区	320301	市辖区
		鼓楼区	320302	鼓楼
		云龙区	320303	云龙
		贾汪区	320305	贾汪
		泉山区	320311	泉山
		铜山区	320312	铜山
		丰县	320321	丰县
		沛县	320322	沛县
		睢宁县	320324	睢宁
		徐州经济技术开发区	320371	经开区
		新沂市	320381	新沂
		邳州市	320382	邳州
	常州市	320400	常州
		市辖区	320401	市辖区
		天宁区	320402	天宁
		钟楼区	320404	钟楼
		新北区	320411	新北
		武进区	320412	武进
		金坛区	320413	金坛
		溧阳市	320481	溧阳
	苏州市	320500	苏州
		市辖区	320501	市辖区
		虎丘区	320505	虎丘
		吴中区	320506	吴中
		相城区	320507	相城
		姑苏区	320508	姑苏
		吴江区	320509	吴江
		苏州工业园区	320571	苏州工业园
		常熟市	320581	常熟
		张家港市	320582	张家港
		昆山市	320583	昆山
		太仓市	320585	太仓
	南通市	320600	南通
		市辖区	320601	市辖区
		崇川区	320602	崇川
		港闸区	320611	港闸
		通州区	320612	通州
		如东县	320623	如东
		南通经济技术开发区	320671	经开区
		启东市	320681	启东
		如皋市	320682	如皋
		海门市	320684	海门
		海安市	320685	海安
	连云港市	320700	连云港
		市辖区	320701	市辖区
		连云区	320703	连云
		海州区	320706	海州
		赣榆区	320707	赣榆
		东海县	320722	东海
		灌云县	320723	灌云
		灌南县	320724	灌南
		连云港经济技术开发区	320771	经开区
		连云港高新技术产业开发区	320772	高新区
	淮安市	320800	淮安
		市辖区	320801	市辖区
		淮安区	320803	淮安区
		淮阴区	320804	淮阴
		清江浦区	320812	清江浦
		洪泽区	320813	洪泽
		涟水县	320826	涟水
		盱眙县	320830	盱眙
		金湖县	320831	金湖
		淮安经济技术开发区	320871	经开区
	盐城市	320900	盐城
		市辖区	320901	市辖区
		亭湖区	320902	亭湖
		盐都区	320903	盐都
		大丰区	320904	大丰
		响水县	320921	响水
		滨海县	320922	滨海
		阜宁县	320923	阜宁
		射阳县	320924	射阳
		建湖县	320925	建湖
		盐城经济技术开发区	320971	经开区
		东台市	320981	东台
	扬州市	321000	扬州
		市辖区	321001	市辖区
		广陵区	321002	广陵
		邗江区	321003	邗江
		江都区	321012	江都
		宝应县	321023	宝应
		扬州经济技术开发区	321071	经开区
		仪征市	321081	仪征
		高邮市	321084	高邮
	镇江市	321100	镇江
		市辖区	321101	市辖区
		京口区	321102	京口
		润州区	321111	润州
		丹徒区	321112	丹徒
		镇江新区	321171	新区
		丹阳市	321181	丹阳
		扬中市	321182	扬中
		句容市	321183	句容
	泰州市	321200	泰州
		市辖区	321201	市辖区
		海陵区	321202	海陵
		高港区	321203	高港
		姜堰区	321204	姜堰
		泰州医药高新技术产业开发区	321271	医药高新区
		兴化市	321281	兴化
		靖江市	321282	靖江
		泰兴市	321283	泰兴
	宿迁市	321300	宿迁
		市辖区	321301	市辖区
		宿城区	321302	宿城
		宿豫区	321311	宿豫
		沭阳县	321322	沭阳
		泗阳县	321323	泗阳
		泗洪县	321324	泗洪
		宿迁经济技术开发区	321371	经开区
浙江省	330000	浙江
	杭州市	330100	杭州
		市辖区	330101	市辖区
		上城区	330102	上城
		下城区	330103	下城
		江干区	330104	江干
		拱墅区	330105	拱墅
		西湖区	330106	西湖
		滨江区	330108	滨江
		萧山区	330109	萧山
		余杭区	330110	余杭
		富阳区	330111	富阳
		临安区	330112	临安
		桐庐县	330122	桐庐
		淳安县	330127	淳安
		建德市	330182	建德
	宁波市	330200	宁波
		市辖区	330201	市辖区
		海曙区	330203	海曙
		江北区	330205	江北
		北仑区	330206	北仑
		镇海区	330211	镇海
		鄞州区	330212	鄞州
		奉化区	330213	奉化
		象山县	330225	象山
		宁海县	330226	宁海
		余姚市	330281	余姚
		慈溪市	330282	慈溪
	温州市	330300	温州
		市辖区	330301	市辖区
		鹿城区	330302	鹿城
		龙湾区	330303	龙湾
		瓯海区	330304	瓯海
		洞头区	330305	洞头
		永嘉县	330324	永嘉
		平阳县	330326	平阳
		苍南县	330327	苍南
		文成县	330328	文成
		泰顺县	330329	泰顺
		温州经济技术开发区	330371	经开区
		瑞安市	330381	瑞安
		乐清市	330382	乐清
		龙港市	330383	龙港
	嘉兴市	330400	嘉兴
		市辖区	330401	市辖区
		南湖区	330402	南湖
		秀洲区	330411	秀洲
		嘉善县	330421	嘉善
		海盐县	330424	海盐
		海宁市	330481	海宁
		平湖市	330482	平湖
		桐乡市	330483	桐乡
	湖州市	330500	湖州
		市辖区	330501	市辖区
		吴兴区	330502	吴兴
		南浔区	330503	南浔
		德清县	330521	德清
		长兴县	330522	长兴
		安吉县	330523	安吉
	绍兴市	330600	绍兴
		市辖区	330601	市辖区
		越城区	330602	越城
		柯桥区	330603	柯桥
		上虞区	330604	上虞
		新昌县	330624	新昌
		诸暨市	330681	诸暨
		嵊州市	330683	嵊州
	金华市	330700	金华
		市辖区	330701	市辖区
		婺城区	330702	婺城
		金东区	330703	金东
		武义县	330723	武义
		浦江县	330726	浦江
		磐安县	330727	磐安
		兰溪市	330781	兰溪
		义乌市	330782	义乌
		东阳市	330783	东阳
		永康市	330784	永康
	衢州市	330800	衢州
		市辖区	330801	市辖区
		柯城区	330802	柯城
		衢江区	330803	衢江
		常山县	330822	常山
		开化县	330824	开化
		龙游县	330825	龙游
		江山市	330881	江山
	舟山市	330900	舟山
		市辖区	330901	市辖区
		定海区	330902	定海
		普陀区	330903	普陀
		岱山县	330921	岱山
		嵊泗县	330922	嵊泗
	台州市	331000	台州
		市辖区	331001	市辖区
		椒江区	331002	椒江
		黄岩区	331003	黄岩
		路桥区	331004	路桥
		三门县	331022	三门
		天台县	331023	天台
		仙居县	331024	仙居
		温岭市	331081	温岭
		临海市	331082	临海
		玉环市	331083	玉环
	丽水市	331100	丽水
		市辖区	331101	市辖区
		莲都区	331102	莲都
		青田县	331121	青田
		缙云县	331122	缙云
		遂昌县	331123	遂昌
		松阳县	331124	松阳
		云和县	331125	云和
		庆元县	331126	庆元
		景宁畲族自治县	331127	景宁
		龙泉市	331181	龙泉
安徽省	340000	安徽
	合肥市	340100	合肥
		市辖区	340101	市辖区
		瑶海区	340102	瑶海
		庐阳区	340103	庐阳
		蜀山区	340104	蜀山
		包河区	340111	包河
		长丰县	340121	长丰
		肥东县	340122	肥东
		肥西县	340123	肥西
		庐江县	340124	庐江
		合肥高新技术产业开发区	340171	高新区
		合肥经济技术开发区	340172	经开区
		合肥新站高新技术产业开发区	340173	新站区
		巢湖市	340181	巢湖
	芜湖市	340200	芜湖
		市辖区	340201	市辖区
		镜湖区	340202	镜湖
		弋江区	340203	弋江
		鸠江区	340207	鸠江
		三山区	340208	三山
		芜湖县	340221	芜湖
		繁昌县	340222	繁昌
		南陵县	340223	南陵
		无为县	340225	无为
		芜湖经济技术开发区	340271	经开区
		安徽芜湖长江大桥经济开发区	340272	长江经开区
		无为市	340281	无为
	蚌埠市	340300	蚌埠
		市辖区	340301	市辖区
		龙子湖区	340302	龙子湖
		蚌山区	340303	蚌山
		禹会区	340304	禹会
		淮上区	340311	淮上
		怀远县	340321	怀远
		五河县	340322	五河
		固镇县	340323	固镇
		蚌埠市高新技术开发区	340371	高新区
		蚌埠市经济开发区	340372	经开区
	淮南市	340400	淮南
		市辖区	340401	市辖区
		大通区	340402	大通
		田家庵区	340403	田家庵
		谢家集区	340404	谢家集
		八公山区	340405	八公山
		潘集区	340406	潘集
		凤台县	340421	凤台
		寿县	340422	寿县
	马鞍山市	340500	马鞍山
		市辖区	340501	市辖区
		花山区	340503	花山
		雨山区	340504	雨山
		博望区	340506	博望
		当涂县	340521	当涂
		含山县	340522	含山
		和县	340523	和县
	淮北市	340600	淮北
		市辖区	340601	市辖区
		杜集区	340602	杜集
		相山区	340603	相山
		烈山区	340604	烈山
		濉溪县	340621	濉溪
	铜陵市	340700	铜陵
		市辖区	340701	市辖区
		铜官区	340705	铜官
		义安区	340706	义安
		郊区	340711	郊区
		枞阳县	340722	枞阳
	安庆市	340800	安庆
		市辖区	340801	市辖区
		迎江区	340802	迎江
		大观区	340803	大观
		宜秀区	340811	宜秀
		怀宁县	340822	怀宁
		太湖县	340825	太湖
		宿松县	340826	宿松
		望江县	340827	望江
		岳西县	340828	岳西
		安徽安庆经济开发区	340871	经开区
		桐城市	340881	桐城
		潜山市	340882	潜山
	黄山市	341000	黄山
		市辖区	341001	市辖区
		屯溪区	341002	屯溪
		黄山区	341003	黄山区
		徽州区	341004	徽州
		歙县	341021	歙县
		休宁县	341022	休宁
		黟县	341023	黟县
		祁门县	341024	祁门
	滁州市	341100	滁州
		市辖区	341101	市辖区
		琅琊区	341102	琅琊
		南谯区	341103	南谯
		来安县	341122	来安
		全椒县	341124	全椒
		定远县	341125	定远
		凤阳县	341126	凤阳
		苏滁现代产业园	341171	苏滁产业园
		滁州经济技术开发区	341172	经开区
		天长市	341181	天长
		明光市	341182	明光
	阜阳市	341200	阜阳
		市辖区	341201	市辖区
		颍州区	341202	颍州
		颍东区	341203	颍东
		颍泉区	341204	颍泉
		临泉县	341221	临泉
		太和县	341222	太和
		阜南县	341225	阜南
		颍上县	341226	颍上
		阜阳合肥现代产业园区	341271	产业园
		阜阳经济技术开发区	341272	经开区
		界首市	341282	界首
	宿州市	341300	宿州
		市辖区	341301	市辖区
		埇桥区	341302	埇桥
		砀山县	341321	砀山
		萧县	341322	萧县
		灵璧县	341323	灵璧
		泗县	341324	泗县
		宿州马鞍山现代产业园区	341371	产业园
		宿州经济技术开发区	341372	经开区
	六安市	341500	六安
		市辖区	341501	市辖区
		金安区	341502	金安
		裕安区	341503	裕安
		叶集区	341504	叶集
		霍邱县	341522	霍邱
		舒城县	341523	舒城
		金寨县	341524	金寨
		霍山县	341525	霍山
	亳州市	341600	亳州
		市辖区	341601	市辖区
		谯城区	341602	谯城
		涡阳县	341621	涡阳
		蒙城县	341622	蒙城
		利辛县	341623	利辛
	池州市	341700	池州
		市辖区	341701	市辖区
		贵池区	341702	贵池
		东至县	341721	东至
		石台县	341722	石台
		青阳县	341723	青阳
	宣城市	341800	宣城
		市辖区	341801	市辖区
		宣州区	341802	宣州
		郎溪县	341821	郎溪
		广德县	341822	广德
		泾县	341823	泾县
		绩溪县	341824	绩溪
		旌德县	341825	旌德
		宣城市经济开发区	341871	经开区
		宁国市	341881	宁国
		广德市	341882	广德
福建省	350000	福建
	福州市	350100	福州
		市辖区	350101	市辖区
		鼓楼区	350102	鼓楼
		台江区	350103	台江
		仓山区	350104	仓山
		马尾区	350105	马尾
		晋安区	350111	晋安
		长乐区	350112	长乐
		闽侯县	350121	闽侯
		连江县	350122	连江
		罗源县	350123	罗源
		闽清县	350124	闽清
		永泰县	350125	永泰
		平潭县	350128	平潭
		福清市	350181	福清
	厦门市	350200	厦门
		市辖区	350201	市辖区
		思明区	350203	思明
		海沧区	350205	海沧
		湖里区	350206	湖里
		集美区	350211	集美
		同安区	350212	同安
		翔安区	350213	翔安
	莆田市	350300	莆田
		市辖区	350301	市辖区
		城厢区	350302	城厢
		涵江区	350303	涵江
		荔城区	350304	荔城
		秀屿区	350305	秀屿
		仙游县	350322	仙游
	三明市	350400	三明
		市辖区	350401	市辖区
		梅列区	350402	梅列
		三元区	350403	三元
		明溪县	350421	明溪
		清流县	350423	清流
		宁化县	350424	宁化
		大田县	350425	大田
		尤溪县	350426	尤溪
		沙县	350427	沙县
		将乐县	350428	将乐
		泰宁县	350429	泰宁
		建宁县	350430	建宁
		永安市	350481	永安
	泉州市	350500	泉州
		市辖区	350501	市辖区
		鲤城区	350502	鲤城
		丰泽区	350503	丰泽
		洛江区	350504	洛江
		泉港区	350505	泉港
		惠安县	350521	惠安
		安溪县	350524	安溪
		永春县	350525	永春
		德化县	350526	德化
		金门县	350527	金门
		石狮市	350581	石狮
		晋江市	350582	晋江
		南安市	350583	南安
	漳州市	350600	漳州
		市辖区	350601	市辖区
		芗城区	350602	芗城
		龙文区	350603	龙文
		云霄县	350622	云霄
		漳浦县	350623	漳浦
		诏安县	350624	诏安
		长泰县	350625	长泰
		东山县	350626	东山
		南靖县	350627	南靖
		平和县	350628	平和
		华安县	350629	华安
		龙海市	350681	龙海
	南平市	350700	南平
		市辖区	350701	市辖区
		延平区	350702	延平
		建阳区	350703	建阳
		顺昌县	350721	顺昌
		浦城县	350722	浦城
		光泽县	350723	光泽
		松溪县	350724	松溪
		政和县	350725	政和
		邵武市	350781	邵武
		武夷山市	350782	武夷山
		建瓯市	350783	建瓯
	龙岩市	350800	龙岩
		市辖区	350801	市辖区
		新罗区	350802	新罗
		永定区	350803	永定
		长汀县	350821	长汀
		上杭县	350823	上杭
		武平县	350824	武平
		连城县	350825	连城
		漳平市	350881	漳平
	宁德市	350900	宁德
		市辖区	350901	市辖区
		蕉城区	350902	蕉城
		霞浦县	350921	霞浦
		古田县	350922	古田
		屏南县	350923	屏南
		寿宁县	350924	寿宁
		周宁县	350925	周宁
		柘荣县	350926	柘荣
		福安市	350981	福安
		福鼎市	350982	福鼎
江西省	360000	江西
	南昌市	360100	南昌
		市辖区	360101	市辖区
		东湖区	360102	东湖
		西湖区	360103	西湖
		青云谱区	360104	青云谱
		湾里区	360105	湾里
		青山湖区	360111	青山湖
		新建区	360112	新建
		红谷滩区	360113	红谷滩
		南昌县	360121	南昌
		安义县	360123	安义
		进贤县	360124	进贤
	景德镇市	360200	景德镇
		市辖区	360201	市辖区
		昌江区	360202	昌江
		珠山区	360203	珠山
		浮梁县	360222	浮梁
		乐平市	360281	乐平
	萍乡市	360300	萍乡
		市辖区	360301	市辖区
		安源区	360302	安源
		湘东区	360313	湘东
		莲花县	360321	莲花
		上栗县	360322	上栗
		芦溪县	360323	芦溪
	九江市	360400	九江
		市辖区	360401	市辖区
		濂溪区	360402	濂溪
		浔阳区	360403	浔阳
		柴桑区	360404	柴桑
		武宁县	360423	武宁
		修水县	360424	修水
		永修县	360425	永修
		德安县	360426	德安
		都昌县	360428	都昌
		湖口县	360429	湖口
		彭泽县	360430	彭泽
		瑞昌市	360481	瑞昌
		共青城市	360482	共青城
		庐山市	360483	庐山
	新余市	360500	新余
		市辖区	360501	市辖区
		渝水区	360502	渝水
		分宜县	360521	分宜
	鹰潭市	360600	鹰潭
		市辖区	360601	市辖
		月湖区	360602	月湖
		余江区	360603	余江
		贵溪市	360681	贵溪
	赣州市	360700	赣州
		市辖区	360701	市辖区
		章贡区	360702	章贡
		南康区	360703	南康
		赣县区	360704	赣县
		信丰县	360722	信丰
		大余县	360723	大余
		上犹县	360724	上犹
		崇义县	360725	崇义
		安远县	360726	安远
		龙南县	360727	龙南
		定南县	360728	定南
		全南县	360729	全南
		宁都县	360730	宁都
		于都县	360731	于都
		兴国县	360732	兴国
		会昌县	360733	会昌
		寻乌县	360734	寻乌
		石城县	360735	石城
		瑞金市	360781	瑞金
	吉安市	360800	吉安
		市辖区	360801	市辖区
		吉州区	360802	吉州
		青原区	360803	青原
		吉安县	360821	吉安县
		吉水县	360822	吉水
		峡江县	360823	峡江
		新干县	360824	新干
		永丰县	360825	永丰
		泰和县	360826	泰和
		遂川县	360827	遂川
		万安县	360828	万安
		安福县	360829	安福
		永新县	360830	永新
		井冈山市	360881	井冈山
	宜春市	360900	宜春
		市辖区	360901	市辖区
		袁州区	360902	袁州
		奉新县	360921	奉新
		万载县	360922	万载
		上高县	360923	上高
		宜丰县	360924	宜丰
		靖安县	360925	靖安
		铜鼓县	360926	铜鼓
		丰城市	360981	丰城
		樟树市	360982	樟树
		高安市	360983	高安
	抚州市	361000	抚州
		市辖区	361001	市辖区
		临川区	361002	临川
		东乡区	361003	东乡
		南城县	361021	南城
		黎川县	361022	黎川
		南丰县	361023	南丰
		崇仁县	361024	崇仁
		乐安县	361025	乐安
		宜黄县	361026	宜黄
		金溪县	361027	金溪
		资溪县	361028	资溪
		广昌县	361030	广昌
	上饶市	361100	上饶
		市辖区	361101	市辖区
		信州区	361102	信州
		广丰区	361103	广丰
		广信区	361104	广信
		上饶县	361121	上饶县
		玉山县	361123	玉山
		铅山县	361124	铅山
		横峰县	361125	横峰
		弋阳县	361126	弋阳
		余干县	361127	余干
		鄱阳县	361128	鄱阳
		万年县	361129	万年
		婺源县	361130	婺源
		德兴市	361181	德兴
山东省	370000	山东
	济南市	370100	济南
		市辖区	370101	市辖区
		历下区	370102	历下
		市中区	370103	市中
		槐荫区	370104	槐荫
		天桥区	370105	天桥
		历城区	370112	历城
		长清区	370113	长清
		章丘区	370114	章丘
		济阳区	370115	济阳
		莱芜区	370116	莱芜
		钢城区	370117	钢城
		平阴县	370124	平阴
		商河县	370126	商河
		济南高新技术产业开发区	370171	高新区
	青岛市	370200	青岛
		市辖区	370201	市辖区
		市南区	370202	市南
		市北区	370203	市北
		黄岛区	370211	黄岛
		崂山区	370212	崂山
		李沧区	370213	李沧
		城阳区	370214	城阳
		即墨区	370215	即墨
		青岛高新技术产业开发区	370271	高新区
		胶州市	370281	胶州
		平度市	370283	平度
		莱西市	370285	莱西
	淄博市	370300	淄博
		市辖区	370301	市辖区
		淄川区	370302	淄川
		张店区	370303	张店
		博山区	370304	博山
		临淄区	370305	临淄
		周村区	370306	周村
		桓台县	370321	桓台
		高青县	370322	高青
		沂源县	370323	沂源
	枣庄市	370400	枣庄
		市辖区	370401	市辖区
		市中区	370402	市中
		薛城区	370403	薛城
		峄城区	370404	峄城
		台儿庄区	370405	台儿庄
		山亭区	370406	山亭
		滕州市	370481	滕州
	东营市	370500	东营
		市辖区	370501	市辖区
		东营区	370502	东营区
		河口区	370503	河口
		垦利区	370505	垦利
		利津县	370522	利津
		广饶县	370523	广饶
		东营经济技术开发区	370571	经开区
		东营港经济开发区	370572	东营港
	烟台市	370600	烟台
		市辖区	370601	市辖区
		芝罘区	370602	芝罘
		福山区	370611	福山
		牟平区	370612	牟平
		莱山区	370613	莱山
		长岛县	370634	长岛
		烟台高新技术产业开发区	370671	高新区
		烟台经济技术开发区	370672	经开区
		龙口市	370681	龙口
		莱阳市	370682	莱阳
		莱州市	370683	莱州
		蓬莱市	370684	蓬莱
		招远市	370685	招远
		栖霞市	370686	栖霞
		海阳市	370687	海阳
	潍坊市	370700	潍坊
		市辖区	370701	市辖区
		潍城区	370702	潍城
		寒亭区	370703	寒亭
		坊子区	370704	坊子
		奎文区	370705	奎文
		临朐县	370724	临朐
		昌乐县	370725	昌乐
		潍坊滨海经济技术开发区	370772	经开区
		青州市	370781	青州
		诸城市	370782	诸城
		寿光市	370783	寿光
		安丘市	370784	安丘
		高密市	370785	高密
		昌邑市	370786	昌邑
	济宁市	370800	济宁
		市辖区	370801	市辖区
		任城区	370811	任城
		兖州区	370812	兖州
		微山县	370826	微山
		鱼台县	370827	鱼台
		金乡县	370828	金乡
		嘉祥县	370829	嘉祥
		汶上县	370830	汶上
		泗水县	370831	泗水
		梁山县	370832	梁山
		济宁高新技术产业开发区	370871	高新区
		曲阜市	370881	曲阜
		邹城市	370883	邹城
	泰安市	370900	泰安
		市辖区	370901	市辖区
		泰山区	370902	泰山
		岱岳区	370911	岱岳
		宁阳县	370921	宁阳
		东平县	370923	东平
		新泰市	370982	新泰
		肥城市	370983	肥城
	威海市	371000	威海
		市辖区	371001	市辖区
		环翠区	371002	环翠
		文登区	371003	文登
		威海火炬高技术产业开发区	371071	火炬开发区
		威海经济技术开发区	371072	经开区
		威海临港经济技术开发区	371073	临港区
		荣成市	371082	荣成
		乳山市	371083	乳山
	日照市	371100	日照
		市辖区	371101	市辖区
		东港区	371102	东港
		岚山区	371103	岚山
		五莲县	371121	五莲
		莒县	371122	莒县
		日照经济技术开发区	371171	经开区
	莱芜市	371200	莱芜
		市辖区	371201	市辖区
		莱城区	371202	莱城
		钢城区	371203	钢城
	临沂市	371300	临沂
		市辖区	371301	市辖区
		兰山区	371302	兰山
		罗庄区	371311	罗庄
		河东区	371312	河东
		沂南县	371321	沂南
		郯城县	371322	郯城
		沂水县	371323	沂水
		兰陵县	371324	兰陵
		费县	371325	费县
		平邑县	371326	平邑
		莒南县	371327	莒南
		蒙阴县	371328	蒙阴
		临沭县	371329	临沭
		临沂高新技术产业开发区	371371	高新区
		临沂经济技术开发区	371372	经开区
		临沂临港经济开发区	371373	临港区
	德州市	371400	德州
		市辖区	371401	市辖区
		德城区	371402	德城
		陵城区	371403	陵城
		宁津县	371422	宁津
		庆云县	371423	庆云
		临邑县	371424	临邑
		齐河县	371425	齐河
		平原县	371426	平原
		夏津县	371427	夏津
		武城县	371428	武城
		德州经济技术开发区	371471	经开区
		德州运河经济开发区	371472	运河区
		乐陵市	371481	乐陵
		禹城市	371482	禹城
	聊城市	371500	聊城
		市辖区	371501	市辖区
		东昌府区	371502	东昌府
		茌平区	371503	茌平
		阳谷县	371521	阳谷
		莘县	371522	莘县
		茌平县	371523	茌平
		东阿县	371524	东阿
		冠县	371525	冠县
		高唐县	371526	高唐
		临清市	371581	临清
	滨州市	371600	滨州
		市辖区	371601	市辖区
		滨城区	371602	滨城
		沾化区	371603	沾化
		惠民县	371621	惠民
		阳信县	371622	阳信
		无棣县	371623	无棣
		博兴县	371625	博兴
		邹平市	371681	邹平
	菏泽市	371700	菏泽
		市辖区	371701	市辖区
		牡丹区	371702	牡丹
		定陶区	371703	定陶
		曹县	371721	曹县
		单县	371722	单县
		成武县	371723	成武
		巨野县	371724	巨野
		郓城县	371725	郓城
		鄄城县	371726	鄄城
		东明县	371728	东明
		菏泽经济技术开发区	371771	经开区
		菏泽高新技术开发区	371772	高新区
河南省	410000	河南
	郑州市	410100	郑州
		市辖区	410101	市辖区
		中原区	410102	中原
		二七区	410103	二七
		管城回族区	410104	管城
		金水区	410105	金水
		上街区	410106	上街
		惠济区	410108	惠济
		中牟县	410122	中牟
		郑州经济技术开发区	410171	经开区
		郑州高新技术产业开发区	410172	高新区
		郑州航空港经济综合实验区	410173	航空港
		巩义市	410181	巩义
		荥阳市	410182	荥阳
		新密市	410183	新密
		新郑市	410184	新郑
		登封市	410185	登封
	开封市	410200	开封
		市辖区	410201	市辖区
		龙亭区	410202	龙亭
		顺河回族区	410203	顺河
		鼓楼区	410204	鼓楼
		禹王台区	410205	禹王台
		祥符区	410212	祥符
		杞县	410221	杞县
		通许县	410222	通许
		尉氏县	410223	尉氏
		兰考县	410225	兰考
	洛阳市	410300	洛阳
		市辖区	410301	市辖区
		老城区	410302	老城
		西工区	410303	西工
		瀍河回族区	410304	瀍河
		涧西区	410305	涧西
		吉利区	410306	吉利
		洛龙区	410311	洛龙
		孟津县	410322	孟津
		新安县	410323	新安
		栾川县	410324	栾川
		嵩县	410325	嵩县
		汝阳县	410326	汝阳
		宜阳县	410327	宜阳
		洛宁县	410328	洛宁
		伊川县	410329	伊川
		洛阳高新技术产业开发区	410371	高新区
		偃师市	410381	偃师
	平顶山市	410400	平顶山
		市辖区	410401	市辖区
		新华区	410402	新华
		卫东区	410403	卫东
		石龙区	410404	石龙
		湛河区	410411	湛河
		宝丰县	410421	宝丰
		叶县	410422	叶县
		鲁山县	410423	鲁山
		郏县	410425	郏县
		平顶山高新技术产业开发区	410471	高新区
		平顶山市新城区	410472	新城区
		舞钢市	410481	舞钢
		汝州市	410482	汝州
	安阳市	410500	安阳
		市辖区	410501	市辖区
		文峰区	410502	文峰
		北关区	410503	北关
		殷都区	410505	殷都
		龙安区	410506	龙安
		安阳县	410522	安阳
		汤阴县	410523	汤阴
		滑县	410526	滑县
		内黄县	410527	内黄
		安阳高新技术产业开发区	410571	高新区
		林州市	410581	林州
	鹤壁市	410600	鹤壁
		市辖区	410601	市辖区
		鹤山区	410602	鹤山
		山城区	410603	山城
		淇滨区	410611	淇滨
		浚县	410621	浚县
		淇县	410622	淇县
		鹤壁经济技术开发区	410671	经开区
	新乡市	410700	新乡
		市辖区	410701	市辖区
		红旗区	410702	红旗
		卫滨区	410703	卫滨
		凤泉区	410704	凤泉
		牧野区	410711	牧野
		新乡县	410721	新乡
		获嘉县	410724	获嘉
		原阳县	410725	原阳
		延津县	410726	延津
		封丘县	410727	封丘
		长垣县	410728	长垣
		新乡高新技术产业开发区	410771	高新区
		新乡经济技术开发区	410772	经开区
		新乡市平原城乡一体化示范区	410773	平原新区
		卫辉市	410781	卫辉
		辉县市	410782	辉县
		长垣市	410783	长垣
	焦作市	410800	焦作
		市辖区	410801	市辖区
		解放区	410802	解放
		中站区	410803	中站
		马村区	410804	马村
		山阳区	410811	山阳
		修武县	410821	修武
		博爱县	410822	博爱
		武陟县	410823	武陟
		温县	410825	温县
		焦作城乡一体化示范区	410871	示范区
		沁阳市	410882	沁阳
		孟州市	410883	孟州
	濮阳市	410900	濮阳
		市辖区	410901	市辖区
		华龙区	410902	华龙
		清丰县	410922	清丰
		南乐县	410923	南乐
		范县	410926	范县
		台前县	410927	台前
		濮阳县	410928	濮阳县
		河南濮阳工业园区	410971	工业园
		濮阳经济技术开发区	410972	经开区
	许昌市	411000	许昌
		市辖区	411001	市辖区
		魏都区	411002	魏都
		建安区	411003	建安
		鄢陵县	411024	鄢陵
		襄城县	411025	襄城
		许昌经济技术开发区	411071	经开区
		禹州市	411081	禹州
		长葛市	411082	长葛
	漯河市	411100	漯河
		市辖区	411101	市辖区
		源汇区	411102	源汇
		郾城区	411103	郾城
		召陵区	411104	召陵
		舞阳县	411121	舞阳
		临颍县	411122	临颍
		漯河经济技术开发区	411171	经开区
	三门峡市	411200	三门峡
		市辖区	411201	市辖区
		湖滨区	411202	湖滨
		陕州区	411203	陕州
		渑池县	411221	渑池
		卢氏县	411224	卢氏
		河南三门峡经济开发区	411271	经开区
		义马市	411281	义马
		灵宝市	411282	灵宝
	南阳市	411300	南阳
		市辖区	411301	市辖区
		宛城区	411302	宛城
		卧龙区	411303	卧龙
		南召县	411321	南召
		方城县	411322	方城
		西峡县	411323	西峡
		镇平县	411324	镇平
		内乡县	411325	内乡
		淅川县	411326	淅川
		社旗县	411327	社旗
		唐河县	411328	唐河
		新野县	411329	新野
		桐柏县	411330	桐柏
		南阳高新技术产业开发区	411371	高新区
		南阳市城乡一体化示范区	411372	南阳新区
		邓州市	411381	邓州
	商丘市	411400	商丘
		市辖区	411401	市辖区
		梁园区	411402	梁园
		睢阳区	411403	睢阳
		民权县	411421	民权
		睢县	411422	睢县
		宁陵县	411423	宁陵
		柘城县	411424	柘城
		虞城县	411425	虞城
		夏邑县	411426	夏邑
		豫东综合物流产业聚集区	411471	物流区
		河南商丘经济开发区	411472	经开区
		永城市	411481	永城
	信阳市	411500	信阳
		市辖区	411501	市辖区
		浉河区	411502	浉河
		平桥区	411503	平桥
		罗山县	411521	罗山
		光山县	411522	光山
		新县	411523	新县
		商城县	411524	商城
		固始县	411525	固始
		潢川县	411526	潢川
		淮滨县	411527	淮滨
		息县	411528	息县
		信阳高新技术产业开发区	411571	高新区
	周口市	411600	周口
		市辖区	411601	市辖区
		川汇区	411602	川汇
		淮阳区	411603	淮阳
		扶沟县	411621	扶沟
		西华县	411622	西华
		商水县	411623	商水
		沈丘县	411624	沈丘
		郸城县	411625	郸城
		淮阳县	411626	淮阳
		太康县	411627	太康
		鹿邑县	411628	鹿邑
		河南周口经济开发区	411671	经开区
		项城市	411681	项城
	驻马店市	411700	驻马店
		市辖区	411701	市辖区
		驿城区	411702	驿城
		西平县	411721	西平
		上蔡县	411722	上蔡
		平舆县	411723	平舆
		正阳县	411724	正阳
		确山县	411725	确山
		泌阳县	411726	泌阳
		汝南县	411727	汝南
		遂平县	411728	遂平
		新蔡县	411729	新蔡
		河南驻马店经济开发区	411771	经开区
	济源市	419001	济源
湖北省	420000	湖北
	武汉市	420100	武汉
		市辖区	420101	市辖区
		江岸区	420102	江岸
		江汉区	420103	江汉
		硚口区	420104	硚口
		汉阳区	420105	汉阳
		武昌区	420106	武昌
		青山区	420107	青山
		洪山区	420111	洪山
		东西湖区	420112	东西湖
		汉南区	420113	汉南
		蔡甸区	420114	蔡甸
		江夏区	420115	江夏
		黄陂区	420116	黄陂
		新洲区	420117	新洲
	黄石市	420200	黄石
		市辖区	420201	市辖区
		黄石港区	420202	黄石港
		西塞山区	420203	西塞山
		下陆区	420204	下陆
		铁山区	420205	铁山
		阳新县	420222	阳新
		大冶市	420281	大冶
	十堰市	420300	十堰
		市辖区	420301	市辖区
		茅箭区	420302	茅箭
		张湾区	420303	张湾
		郧阳区	420304	郧阳
		郧西县	420322	郧西
		竹山县	420323	竹山
		竹溪县	420324	竹溪
		房县	420325	房县
		丹江口市	420381	丹江口
	宜昌市	420500	宜昌
		市辖区	420501	市辖区
		西陵区	420502	西陵
		伍家岗区	420503	伍家岗
		点军区	420504	点军
		猇亭区	420505	猇亭
		夷陵区	420506	夷陵
		远安县	420525	远安
		兴山县	420526	兴山
		秭归县	420527	秭归
		长阳土家族自治县	420528	长阳
		五峰土家族自治县	420529	五峰
		宜都市	420581	宜都
		当阳市	420582	当阳
		枝江市	420583	枝江
	襄阳市	420600	襄阳
		市辖区	420601	市辖区
		襄城区	420602	襄城
		樊城区	420606	樊城
		襄州区	420607	襄州
		南漳县	420624	南漳
		谷城县	420625	谷城
		保康县	420626	保康
		老河口市	420682	老河口
		枣阳市	420683	枣阳
		宜城市	420684	宜城
	鄂州市	420700	鄂州
		市辖区	420701	市辖区
		梁子湖区	420702	梁子湖
		华容区	420703	华容
		鄂城区	420704	鄂城
	荆门市	420800	荆门
		市辖区	420801	市辖区
		东宝区	420802	东宝
		掇刀区	420804	掇刀
		沙洋县	420822	沙洋
		钟祥市	420881	钟祥
		京山市	420882	京山
	孝感市	420900	孝感
		市辖区	420901	市辖区
		孝南区	420902	孝南
		孝昌县	420921	孝昌
		大悟县	420922	大悟
		云梦县	420923	云梦
		应城市	420981	应城
		安陆市	420982	安陆
		汉川市	420984	汉川
	荆州市	421000	荆州
		市辖区	421001	市辖区
		沙市区	421002	沙市
		荆州区	421003	荆州区
		公安县	421022	公安
		监利县	421023	监利
		江陵县	421024	江陵
		荆州经济技术开发区	421071	经开区
		石首市	421081	石首
		洪湖市	421083	洪湖
		松滋市	421087	松滋
	黄冈市	421100	黄冈
		市辖区	421101	市辖区
		黄州区	421102	黄州
		团风县	421121	团风
		红安县	421122	红安
		罗田县	421123	罗田
		英山县	421124	英山
		浠水县	421125	浠水
		蕲春县	421126	蕲春
		黄梅县	421127	黄梅
		龙感湖管理区	421171	龙感湖
		麻城市	421181	麻城
		武穴市	421182	武穴
	咸宁市	421200	咸宁
		市辖区	421201	市辖区
		咸安区	421202	咸安
		嘉鱼县	421221	嘉鱼
		通城县	421222	通城
		崇阳县	421223	崇阳
		通山县	421224	通山
		赤壁市	421281	赤壁
	随州市	421300	随州
		市辖区	421301	市辖区
		曾都区	421303	曾都
		随县	421321	随县
		广水市	421381	广水
	恩施土家族苗族自治州	422800	恩施
		恩施市	422801	恩施市
		利川市	422802	利川
		建始县	422822	建始
		巴东县	422823	巴东
		宣恩县	422825	宣恩
		咸丰县	422826	咸丰
		来凤县	422827	来凤
		鹤峰县	422828	鹤峰
	仙桃市	429004	仙桃
	潜江市	429005	潜江
	天门市	429006	天门
	神农架林区	429021	神农架
湖南省	430000	湖南
	长沙市	430100	长沙
		市辖区	430101	市辖区
		芙蓉区	430102	芙蓉
		天心区	430103	天心
		岳麓区	430104	岳麓
		开福区	430105	开福
		雨花区	430111	雨花
		望城区	430112	望城
		长沙县	430121	长沙
		浏阳市	430181	浏阳
		宁乡市	430182	宁乡
	株洲市	430200	株洲
		市辖区	430201	市辖区
		荷塘区	430202	荷塘
		芦淞区	430203	芦淞
		石峰区	430204	石峰
		天元区	430211	天元
		渌口区	430212	渌口
		攸县	430223	攸县
		茶陵县	430224	茶陵
		炎陵县	430225	炎陵
		云龙示范区	430271	云龙示范
		醴陵市	430281	醴陵
	湘潭市	430300	湘潭
		市辖区	430301	市辖区
		雨湖区	430302	雨湖
		岳塘区	430304	岳塘
		湘潭县	430321	湘潭县
		湖南湘潭高新技术产业园区	430371	高新区
		湘潭昭山示范区	430372	昭山
		湘潭九华示范区	430373	九华
		湘乡市	430381	湘乡
		韶山市	430382	韶山
	衡阳市	430400	衡阳
		市辖区	430401	市辖区
		珠晖区	430405	珠晖
		雁峰区	430406	雁峰
		石鼓区	430407	石鼓
		蒸湘区	430408	蒸湘
		南岳区	430412	南岳
		衡阳县	430421	衡阳县
		衡南县	430422	衡南
		衡山县	430423	衡山
		衡东县	430424	衡东
		祁东县	430426	祁东
		衡阳综合保税区	430471	保税区
		湖南衡阳高新技术产业园区	430472	高新区
		湖南衡阳松木经济开发区	430473	经开区
		耒阳市	430481	耒阳
		常宁市	430482	常宁
	邵阳市	430500	邵阳
		市辖区	430501	市辖区
		双清区	430502	双清
		大祥区	430503	大祥
		北塔区	430511	北塔
		邵东县	430521	邵东
		新邵县	430522	新邵
		邵阳县	430523	邵阳县
		隆回县	430524	隆回
		洞口县	430525	洞口
		绥宁县	430527	绥宁
		新宁县	430528	新宁
		城步苗族自治县	430529	城步
		武冈市	430581	武冈
		邵东市	430582	邵东
	岳阳市	430600	岳阳
		市辖区	430601	市辖区
		岳阳楼区	430602	岳阳楼
		云溪区	430603	云溪
		君山区	430611	君山
		岳阳县	430621	岳阳县
		华容县	430623	华容
		湘阴县	430624	湘阴
		平江县	430626	平江
		岳阳市屈原管理区	430671	管理区
		汨罗市	430681	汨罗
		临湘市	430682	临湘
	常德市	430700	常德
		市辖区	430701	市辖区
		武陵区	430702	武陵
		鼎城区	430703	鼎城
		安乡县	430721	安乡
		汉寿县	430722	汉寿
		澧县	430723	澧县
		临澧县	430724	临澧
		桃源县	430725	桃源
		石门县	430726	石门
		常德市西洞庭管理区	430771	西洞庭
		津市市	430781	津市
	张家界市	430800	张家界
		市辖区	430801	市辖区
		永定区	430802	永定
		武陵源区	430811	武陵源
		慈利县	430821	慈利
		桑植县	430822	桑植
	益阳市	430900	益阳
		市辖区	430901	市辖区
		资阳区	430902	资阳区
		赫山区	430903	赫山
		南县	430921	南县
		桃江县	430922	桃江
		安化县	430923	安化
		益阳市大通湖管理区	430971	大通湖
		湖南益阳高新技术产业园区	430972	高新区
		沅江市	430981	沅江
	郴州市	431000	郴州
		市辖区	431001	市辖区
		北湖区	431002	北湖
		苏仙区	431003	苏仙
		桂阳县	431021	桂阳
		宜章县	431022	宜章
		永兴县	431023	永兴
		嘉禾县	431024	嘉禾
		临武县	431025	临武
		汝城县	431026	汝城
		桂东县	431027	桂东
		安仁县	431028	安仁
		资兴市	431081	资兴
	永州市	431100	永州
		市辖区	431101	市辖区
		零陵区	431102	零陵
		冷水滩区	431103	冷水滩
		祁阳县	431121	祁阳
		东安县	431122	东安
		双牌县	431123	双牌
		道县	431124	道县
		江永县	431125	江永
		宁远县	431126	宁远
		蓝山县	431127	蓝山
		新田县	431128	新田
		江华瑶族自治县	431129	江华
		永州经济技术开发区	431171	经开区
		永州市金洞管理区	431172	金洞
		永州市回龙圩管理区	431173	回龙圩
	怀化市	431200	怀化
		市辖区	431201	市辖区
		鹤城区	431202	鹤城
		中方县	431221	中方
		沅陵县	431222	沅陵
		辰溪县	431223	辰溪
		溆浦县	431224	溆浦
		会同县	431225	会同
		麻阳苗族自治县	431226	麻阳
		新晃侗族自治县	431227	新晃
		芷江侗族自治县	431228	芷江
		靖州苗族侗族自治县	431229	靖州
		通道侗族自治县	431230	通道
		怀化市洪江管理区	431271	管理区
		洪江市	431281	洪江
	娄底市	431300	娄底
		市辖区	431301	市辖区
		娄星区	431302	娄星
		双峰县	431321	双峰
		新化县	431322	新化
		冷水江市	431381	冷水江
		涟源市	431382	涟源
	湘西土家族苗族自治州	433100	湘西
		吉首市	433101	吉首
		泸溪县	433122	泸溪
		凤凰县	433123	凤凰
		花垣县	433124	花垣
		保靖县	433125	保靖
		古丈县	433126	古丈
		永顺县	433127	永顺
		龙山县	433130	龙山
		湖南吉首经济开发区	433172	吉首经开区
		湖南永顺经济开发区	433173	永顺经开区
广东省	440000	广东
	广州市	440100	广州
		市辖区	440101	市辖区
		荔湾区	440103	荔湾
		越秀区	440104	越秀
		海珠区	440105	海珠
		天河区	440106	天河
		白云区	440111	白云
		黄埔区	440112	黄埔
		番禺区	440113	番禺
		花都区	440114	花都
		南沙区	440115	南沙区
		从化区	440117	从化
		增城区	440118	增城
	韶关市	440200	韶关
		市辖区	440201	市辖区
		武江区	440203	武江
		浈江区	440204	浈江
		曲江区	440205	曲江
		始兴县	440222	始兴
		仁化县	440224	仁化
		翁源县	440229	翁源
		乳源瑶族自治县	440232	乳源
		新丰县	440233	新丰
		乐昌市	440281	乐昌
		南雄市	440282	南雄
	深圳市	440300	深圳
		市辖区	440301	市辖区
		罗湖区	440303	罗湖
		福田区	440304	福田
		南山区	440305	南山
		宝安区	440306	宝安
		龙岗区	440307	龙岗
		盐田区	440308	盐田
		龙华区	440309	龙华
		坪山区	440310	坪山
		光明区	440311	光明
	珠海市	440400	珠海
		市辖区	440401	市辖区
		香洲区	440402	香洲
		斗门区	440403	斗门
		金湾区	440404	金湾
	汕头市	440500	汕头
		市辖区	440501	市辖区
		龙湖区	440507	龙湖
		金平区	440511	金平
		濠江区	440512	濠江
		潮阳区	440513	潮阳
		潮南区	440514	潮南
		澄海区	440515	澄海
		南澳县	440523	南澳
	佛山市	440600	佛山
		市辖区	440601	市辖区
		禅城区	440604	禅城
		南海区	440605	南海区
		顺德区	440606	顺德
		三水区	440607	三水
		高明区	440608	高明
	江门市	440700	江门
		市辖区	440701	市辖区
		蓬江区	440703	蓬江
		江海区	440704	江海
		新会区	440705	新会
		台山市	440781	台山
		开平市	440783	开平
		鹤山市	440784	鹤山
		恩平市	440785	恩平
	湛江市	440800	湛江
		市辖区	440801	市辖区
		赤坎区	440802	赤坎
		霞山区	440803	霞山
		坡头区	440804	坡头
		麻章区	440811	麻章
		遂溪县	440823	遂溪
		徐闻县	440825	徐闻
		廉江市	440881	廉江
		雷州市	440882	雷州
		吴川市	440883	吴川
	茂名市	440900	茂名
		市辖区	440901	市辖区
		茂南区	440902	茂南
		电白区	440904	电白
		高州市	440981	高州
		化州市	440982	化州
		信宜市	440983	信宜
	肇庆市	441200	肇庆
		市辖区	441201	市辖区
		端州区	441202	端州
		鼎湖区	441203	鼎湖
		高要区	441204	高要
		广宁县	441223	广宁
		怀集县	441224	怀集
		封开县	441225	封开
		德庆县	441226	德庆
		四会市	441284	四会
	惠州市	441300	惠州
		市辖区	441301	市辖区
		惠城区	441302	惠城
		惠阳区	441303	惠阳
		博罗县	441322	博罗
		惠东县	441323	惠东
		龙门县	441324	龙门
	梅州市	441400	梅州
		市辖区	441401	市辖区
		梅江区	441402	梅江
		梅县区	441403	梅县
		大埔县	441422	大埔
		丰顺县	441423	丰顺
		五华县	441424	五华
		平远县	441426	平远
		蕉岭县	441427	蕉岭
		兴宁市	441481	兴宁
	汕尾市	441500	汕尾
		市辖区	441501	市辖区
		城区	441502	城区
		海丰县	441521	海丰
		陆河县	441523	陆河
		陆丰市	441581	陆丰
	河源市	441600	河源
		市辖区	441601	市辖区
		源城区	441602	源城
		紫金县	441621	紫金
		龙川县	441622	龙川
		连平县	441623	连平
		和平县	441624	和平
		东源县	441625	东源
	阳江市	441700	阳江
		市辖区	441701	市辖区
		江城区	441702	江城
		阳东区	441704	阳东
		阳西县	441721	阳西
		阳春市	441781	阳春
	清远市	441800	清远
		市辖区	441801	市辖区
		清城区	441802	清城
		清新区	441803	清新
		佛冈县	441821	佛冈
		阳山县	441823	阳山
		连山壮族瑶族自治县	441825	连山
		连南瑶族自治县	441826	连南
		英德市	441881	英德
		连州市	441882	连州
	东莞市	441900	东莞
	中山市	442000	中山
	潮州市	445100	潮州
		市辖区	445101	市辖区
		湘桥区	445102	湘桥
		潮安区	445103	潮安
		饶平县	445122	饶平
	揭阳市	445200	揭阳
		市辖区	445201	市辖区
		榕城区	445202	榕城
		揭东区	445203	揭东
		揭西县	445222	揭西
		惠来县	445224	惠来
		普宁市	445281	普宁
	云浮市	445300	云浮
		市辖区	445301	市辖区
		云城区	445302	云城
		云安区	445303	云安
		新兴县	445321	新兴
		郁南县	445322	郁南
		罗定市	445381	罗定
广西壮族自治区	450000	广西
	南宁市	450100	南宁
		市辖区	450101	市辖区
		兴宁区	450102	兴宁
		青秀区	450103	青秀
		江南区	450105	江南区
		西乡塘区	450107	西乡塘
		良庆区	450108	良庆
		邕宁区	450109	邕宁
		武鸣区	450110	武鸣
		隆安县	450123	隆安
		马山县	450124	马山
		上林县	450125	上林
		宾阳县	450126	宾阳
		横县	450127	横县
	柳州市	450200	柳州
		市辖区	450201	市辖区
		城中区	450202	城中
		鱼峰区	450203	鱼峰
		柳南区	450204	柳南
		柳北区	450205	柳北
		柳江区	450206	柳江
		柳城县	450222	柳城
		鹿寨县	450223	鹿寨
		融安县	450224	融安
		融水苗族自治县	450225	融水
		三江侗族自治县	450226	三江
	桂林市	450300	桂林
		市辖区	450301	市辖区
		秀峰区	450302	秀峰
		叠彩区	450303	叠彩
		象山区	450304	象山
		七星区	450305	七星
		雁山区	450311	雁山
		临桂区	450312	临桂
		阳朔县	450321	阳朔
		灵川县	450323	灵川
		全州县	450324	全州
		兴安县	450325	兴安
		永福县	450326	永福
		灌阳县	450327	灌阳
		龙胜各族自治县	450328	龙胜
		资源县	450329	资源县
		平乐县	450330	平乐
		恭城瑶族自治县	450332	恭城
		荔浦市	450381	荔浦
	梧州市	450400	梧州
		市辖区	450401	市辖区
		万秀区	450403	万秀
		长洲区	450405	长洲
		龙圩区	450406	龙圩
		苍梧县	450421	苍梧
		藤县	450422	藤县
		蒙山县	450423	蒙山
		岑溪市	450481	岑溪
	北海市	450500	北海
		市辖区	450501	市辖区
		海城区	450502	海城
		银海区	450503	银海
		铁山港区	450512	铁山港
		合浦县	450521	合浦
	防城港市	450600	防城港
		市辖区	450601	市辖区
		港口区	450602	港口
		防城区	450603	防城
		上思县	450621	上思
		东兴市	450681	东兴
	钦州市	450700	钦州
		市辖区	450701	市辖区
		钦南区	450702	钦南
		钦北区	450703	钦北
		灵山县	450721	灵山
		浦北县	450722	浦北
	贵港市	450800	贵港
		市辖区	450801	市辖区
		港北区	450802	港北
		港南区	450803	港南
		覃塘区	450804	覃塘
		平南县	450821	平南
		桂平市	450881	桂平
	玉林市	450900	玉林
		市辖区	450901	市辖区
		玉州区	450902	玉州
		福绵区	450903	福绵
		容县	450921	容县
		陆川县	450922	陆川
		博白县	450923	博白
		兴业县	450924	兴业
		北流市	450981	北流
	百色市	451000	百色
		市辖区	451001	市辖区
		右江区	451002	右江
		田阳区	451003	田阳
		田东县	451022	田东
		平果市	451082	平果
		德保县	451024	德保
		那坡县	451026	那坡
		凌云县	451027	凌云
		乐业县	451028	乐业
		田林县	451029	田林
		西林县	451030	西林
		隆林各族自治县	451031	隆林
		靖西市	451081	靖西
	贺州市	451100	贺州
		市辖区	451101	市辖区
		八步区	451102	八步
		平桂区	451103	平桂
		昭平县	451121	昭平
		钟山县	451122	钟山
		富川瑶族自治县	451123	富川
	河池市	451200	河池
		市辖区	451201	市辖区
		金城江区	451202	金城江
		宜州区	451203	宜州
		南丹县	451221	南丹
		天峨县	451222	天峨
		凤山县	451223	凤山
		东兰县	451224	东兰
		罗城仫佬族自治县	451225	罗城
		环江毛南族自治县	451226	环江
		巴马瑶族自治县	451227	巴马
		都安瑶族自治县	451228	都安
		大化瑶族自治县	451229	大化
	来宾市	451300	来宾
		市辖区	451301	市辖区
		兴宾区	451302	兴宾
		忻城县	451321	忻城
		象州县	451322	象州
		武宣县	451323	武宣
		金秀瑶族自治县	451324	金秀
		合山市	451381	合山
	崇左市	451400	崇左
		市辖区	451401	市辖区
		江州区	451402	江州
		扶绥县	451421	扶绥
		宁明县	451422	宁明
		龙州县	451423	龙州
		大新县	451424	大新
		天等县	451425	天等
		凭祥市	451481	凭祥
海南省	460000	海南
	海口市	460100	海口
		市辖区	460101	市辖区
		秀英区	460105	秀英
		龙华区	460106	龙华
		琼山区	460107	琼山
		美兰区	460108	美兰
	三亚市	460200	三亚
		市辖区	460201	市辖区
		海棠区	460202	海棠
		吉阳区	460203	吉阳
		天涯区	460204	天涯
		崖州区	460205	崖州
	三沙市	460300	三沙
		西沙群岛	460321	西沙
		南沙群岛	460322	南沙
		中沙群岛的岛礁及其海域	460323	中沙
	儋州市	460400	儋州
	五指山市	469001	五指山
	琼海市	469002	琼海
	文昌市	469005	文昌
	万宁市	469006	万宁
	东方市	469007	东方
	定安县	469021	定安
	屯昌县	469022	屯昌
	澄迈县	469023	澄迈
	临高县	469024	临高
	白沙黎族自治县	469025	白沙
	昌江黎族自治县	469026	昌江
	乐东黎族自治县	469027	乐东
	陵水黎族自治县	469028	陵水
	保亭黎族苗族自治县	469029	保亭
	琼中黎族苗族自治县	469030	琼中
重庆市	500000	重庆
	重庆市	500000	重庆
		市辖区	500100	市辖区
		万州区	500101	万州
		涪陵区	500102	涪陵
		渝中区	500103	渝中
		大渡口区	500104	大渡口
		江北区	500105	江北
		沙坪坝区	500106	沙坪坝
		九龙坡区	500107	九龙坡
		南岸区	500108	南岸
		北碚区	500109	北碚
		綦江区	500110	綦江
		大足区	500111	大足
		渝北区	500112	渝北
		巴南区	500113	巴南
		黔江区	500114	黔江
		长寿区	500115	长寿
		江津区	500116	江津
		合川区	500117	合川
		永川区	500118	永川
		南川区	500119	南川
		璧山区	500120	璧山
		铜梁区	500151	铜梁
		潼南区	500152	潼南
		荣昌区	500153	荣昌
		开州区	500154	开州
		梁平区	500155	梁平
		武隆区	500156	武隆
		城口县	500229	城口
		丰都县	500230	丰都
		垫江县	500231	垫江
		忠县	500233	忠县
		云阳县	500235	云阳
		奉节县	500236	奉节
		巫山县	500237	巫山
		巫溪县	500238	巫溪
		石柱土家族自治县	500240	石柱
		秀山土家族苗族自治县	500241	秀山
		酉阳土家族苗族自治县	500242	酉阳
		彭水苗族土家族自治县	500243	彭水
四川省	510000	四川
	成都市	510100	成都
		市辖区	510101	市辖区
		成都高新技术产业开发区	510102	高新区
		锦江区	510104	锦江
		青羊区	510105	青羊
		金牛区	510106	金牛
		武侯区	510107	武侯
		成华区	510108	成华
		龙泉驿区	510112	龙泉驿
		青白江区	510113	青白江
		新都区	510114	新都
		温江区	510115	温江
		双流区	510116	双流
		郫都区	510117	郫都
		金堂县	510121	金堂
		大邑县	510129	大邑
		蒲江县	510131	蒲江
		新津区	510132	新津
		都江堰市	510181	都江堰
		天府新区	510156	天府新区
		彭州市	510182	彭州
		邛崃市	510183	邛崃
		崇州市	510184	崇州
		简阳市	510185	简阳
	自贡市	510300	自贡
		市辖区	510301	市辖区
		自流井区	510302	自流井
		贡井区	510303	贡井
		大安区	510304	大安
		沿滩区	510311	沿滩
		荣县	510321	荣县
		富顺县	510322	富顺
	攀枝花市	510400	攀枝花
		市辖区	510401	市辖区
		东区	510402	东区
		西区	510403	西区
		仁和区	510411	仁和
		米易县	510421	米易
		盐边县	510422	盐边
	泸州市	510500	泸州
		市辖区	510501	市辖区
		江阳区	510502	江阳
		纳溪区	510503	纳溪
		龙马潭区	510504	龙马潭
		泸县	510521	泸县
		合江县	510522	合江
		叙永县	510524	叙永
		古蔺县	510525	古蔺
	德阳市	510600	德阳
		市辖区	510601	市辖区
		旌阳区	510603	旌阳
		罗江区	510604	罗江
		中江县	510623	中江
		广汉市	510681	广汉
		什邡市	510682	什邡
		绵竹市	510683	绵竹
	绵阳市	510700	绵阳
		市辖区	510701	市辖区
		涪城区	510703	涪城
		游仙区	510704	游仙
		安州区	510705	安州
		三台县	510722	三台
		盐亭县	510723	盐亭
		梓潼县	510725	梓潼
		北川羌族自治县	510726	北川
		平武县	510727	平武
		江油市	510781	江油
	广元市	510800	广元
		市辖区	510801	市辖区
		利州区	510802	利州
		昭化区	510811	昭化
		朝天区	510812	朝天
		旺苍县	510821	旺苍
		青川县	510822	青川
		剑阁县	510823	剑阁
		苍溪县	510824	苍溪
	遂宁市	510900	遂宁
		市辖区	510901	市辖区
		船山区	510903	船山
		安居区	510904	安居
		蓬溪县	510921	蓬溪
		射洪县	510922	射洪
		大英县	510923	大英
		射洪市	510981	射洪
	内江市	511000	内江
		市辖区	511001	市辖区
		市中区	511002	市中
		东兴区	511011	东兴
		威远县	511024	威远
		资中县	511025	资中
		内江经济开发区	511071	经开区
		隆昌市	511083	隆昌
	乐山市	511100	乐山
		市辖区	511101	市辖区
		市中区	511102	市中
		沙湾区	511111	沙湾
		五通桥区	511112	五通桥
		金口河区	511113	金口河
		犍为县	511123	犍为
		井研县	511124	井研
		夹江县	511126	夹江
		沐川县	511129	沐川
		峨边彝族自治县	511132	峨边
		马边彝族自治县	511133	马边
		峨眉山市	511181	峨眉山
	南充市	511300	南充
		市辖区	511301	市辖区
		顺庆区	511302	顺庆
		高坪区	511303	高坪
		嘉陵区	511304	嘉陵
		南部县	511321	南部
		营山县	511322	营山
		蓬安县	511323	蓬安
		仪陇县	511324	仪陇
		西充县	511325	西充
		阆中市	511381	阆中
	眉山市	511400	眉山
		市辖区	511401	市辖区
		东坡区	511402	东坡
		彭山区	511403	彭山
		仁寿县	511421	仁寿
		洪雅县	511423	洪雅
		丹棱县	511424	丹棱
		青神县	511425	青神
	宜宾市	511500	宜宾
		市辖区	511501	市辖区
		翠屏区	511502	翠屏
		南溪区	511503	南溪
		叙州区	511504	叙州
		江安县	511523	江安
		长宁县	511524	长宁
		高县	511525	高县
		珙县	511526	珙县
		筠连县	511527	筠连
		兴文县	511528	兴文
		屏山县	511529	屏山
	广安市	511600	广安
		市辖区	511601	市辖区
		广安区	511602	广安
		前锋区	511603	前锋
		岳池县	511621	岳池
		武胜县	511622	武胜
		邻水县	511623	邻水
		华蓥市	511681	华蓥
	达州市	511700	达州
		市辖区	511701	市辖区
		通川区	511702	通川
		达川区	511703	达川
		宣汉县	511722	宣汉
		开江县	511723	开江
		大竹县	511724	大竹
		渠县	511725	渠县
		达州经济开发区	511771	经开区
		万源市	511781	万源
	雅安市	511800	雅安
		市辖区	511801	市辖区
		雨城区	511802	雨城
		名山区	511803	名山
		荥经县	511822	荥经
		汉源县	511823	汉源
		石棉县	511824	石棉
		天全县	511825	天全
		芦山县	511826	芦山
		宝兴县	511827	宝兴
	巴中市	511900	巴中
		市辖区	511901	市辖区
		巴州区	511902	巴州
		恩阳区	511903	恩阳
		通江县	511921	通江
		南江县	511922	南江
		平昌县	511923	平昌
		巴中经济开发区	511971	经开区
	资阳市	512000	资阳
		市辖区	512001	市辖区
		雁江区	512002	雁江
		安岳县	512021	安岳
		乐至县	512022	乐至
	阿坝藏族羌族自治州	513200	阿坝
		马尔康市	513201	马尔康
		汶川县	513221	汶川
		理县	513222	理县
		茂县	513223	茂县
		松潘县	513224	松潘
		九寨沟县	513225	九寨沟
		金川县	513226	金川
		小金县	513227	小金
		黑水县	513228	黑水
		壤塘县	513230	壤塘
		阿坝县	513231	阿坝县
		若尔盖县	513232	若尔盖
		红原县	513233	红原
	甘孜藏族自治州	513300	甘孜
		康定市	513301	康定
		泸定县	513322	泸定
		丹巴县	513323	丹巴
		九龙县	513324	九龙
		雅江县	513325	雅江
		道孚县	513326	道孚
		炉霍县	513327	炉霍
		甘孜县	513328	甘孜县
		新龙县	513329	新龙
		德格县	513330	德格
		白玉县	513331	白玉
		石渠县	513332	石渠
		色达县	513333	色达
		理塘县	513334	理塘
		巴塘县	513335	巴塘
		乡城县	513336	乡城
		稻城县	513337	稻城
		得荣县	513338	得荣
	凉山彝族自治州	513400	凉山
		西昌市	513401	西昌
		木里藏族自治县	513422	木里
		盐源县	513423	盐源
		德昌县	513424	德昌
		会理县	513425	会理
		会东县	513426	会东
		宁南县	513427	宁南
		普格县	513428	普格
		布拖县	513429	布拖
		金阳县	513430	金阳
		昭觉县	513431	昭觉
		喜德县	513432	喜德
		冕宁县	513433	冕宁
		越西县	513434	越西
		甘洛县	513435	甘洛
		美姑县	513436	美姑
		雷波县	513437	雷波
贵州省	520000	贵州
	贵阳市	520100	贵阳
		市辖区	520101	市辖区
		南明区	520102	南明
		云岩区	520103	云岩
		花溪区	520111	花溪
		乌当区	520112	乌当
		白云区	520113	白云
		观山湖区	520115	观山湖
		开阳县	520121	开阳
		息烽县	520122	息烽
		修文县	520123	修文
		清镇市	520181	清镇
	六盘水市	520200	六盘水
		钟山区	520201	钟山
		六枝特区	520203	六枝特
		水城县	520221	水城
		盘州市	520281	盘州
	遵义市	520300	遵义
		市辖区	520301	市辖区
		红花岗区	520302	红花岗
		汇川区	520303	汇川
		播州区	520304	播州
		桐梓县	520322	桐梓
		绥阳县	520323	绥阳
		正安县	520324	正安
		道真仡佬族苗族自治县	520325	道真
		务川仡佬族苗族自治县	520326	务川
		凤冈县	520327	凤冈
		湄潭县	520328	湄潭
		余庆县	520329	余庆
		习水县	520330	习水
		赤水市	520381	赤水
		仁怀市	520382	仁怀
	安顺市	520400	安顺
		市辖区	520401	市辖区
		西秀区	520402	西秀
		平坝区	520403	平坝
		普定县	520422	普定
		镇宁布依族苗族自治县	520423	镇宁
		关岭布依族苗族自治县	520424	关岭
		紫云苗族布依族自治县	520425	紫云
	毕节市	520500	毕节
		市辖区	520501	市辖区
		七星关区	520502	七星关
		大方县	520521	大方
		黔西县	520522	黔西
		金沙县	520523	金沙
		织金县	520524	织金
		纳雍县	520525	纳雍
		威宁彝族回族苗族自治县	520526	威宁
		赫章县	520527	赫章
	铜仁市	520600	铜仁
		市辖区	520601	市辖区
		碧江区	520602	碧江
		万山区	520603	万山
		江口县	520621	江口
		玉屏侗族自治县	520622	玉屏
		石阡县	520623	石阡
		思南县	520624	思南
		印江土家族苗族自治县	520625	印江
		德江县	520626	德江
		沿河土家族自治县	520627	沿河
		松桃苗族自治县	520628	松桃
	黔西南布依族苗族自治州	522300	黔西南
		兴义市	522301	兴义
		兴仁市	522302	兴仁
		普安县	522323	普安
		晴隆县	522324	晴隆
		贞丰县	522325	贞丰
		望谟县	522326	望谟
		册亨县	522327	册亨
		安龙县	522328	安龙
	黔东南苗族侗族自治州	522600	黔东南
		凯里市	522601	凯里
		黄平县	522622	黄平
		施秉县	522623	施秉
		三穗县	522624	三穗
		镇远县	522625	镇远
		岑巩县	522626	岑巩
		天柱县	522627	天柱
		锦屏县	522628	锦屏
		剑河县	522629	剑河
		台江县	522630	台江
		黎平县	522631	黎平
		榕江县	522632	榕江
		从江县	522633	从江
		雷山县	522634	雷山
		麻江县	522635	麻江
		丹寨县	522636	丹寨
	黔南布依族苗族自治州	522700	黔南
		都匀市	522701	都匀
		福泉市	522702	福泉
		荔波县	522722	荔波
		贵定县	522723	贵定
		瓮安县	522725	瓮安
		独山县	522726	独山
		平塘县	522727	平塘
		罗甸县	522728	罗甸
		长顺县	522729	长顺
		龙里县	522730	龙里
		惠水县	522731	惠水
		三都水族自治县	522732	三都
云南省	530000	云南
	昆明市	530100	昆明
		市辖区	530101	市辖区
		五华区	530102	五华
		盘龙区	530103	盘龙
		官渡区	530111	官渡
		西山区	530112	西山
		东川区	530113	东川
		呈贡区	530114	呈贡
		晋宁区	530115	晋宁
		富民县	530124	富民
		宜良县	530125	宜良
		石林彝族自治县	530126	石林
		嵩明县	530127	嵩明
		禄劝彝族苗族自治县	530128	禄劝
		寻甸回族彝族自治县	530129	寻甸
		安宁市	530181	安宁
	曲靖市	530300	曲靖
		市辖区	530301	市辖区
		麒麟区	530302	麒麟
		沾益区	530303	沾益
		马龙区	530304	马龙
		陆良县	530322	陆良
		师宗县	530323	师宗
		罗平县	530324	罗平
		富源县	530325	富源
		会泽县	530326	会泽
		宣威市	530381	宣威
	玉溪市	530400	玉溪
		市辖区	530401	市辖区
		红塔区	530402	红塔
		江川区	530403	江川
		澄江县	530422	澄江
		通海县	530423	通海
		华宁县	530424	华宁
		易门县	530425	易门
		峨山彝族自治县	530426	峨山
		新平彝族傣族自治县	530427	新平
		元江哈尼族彝族傣族自治县	530428	元江
		澄江市	530481	澄江
	保山市	530500	保山
		市辖区	530501	市辖区
		隆阳区	530502	隆阳
		施甸县	530521	施甸
		龙陵县	530523	龙陵
		昌宁县	530524	昌宁
		腾冲市	530581	腾冲
	昭通市	530600	昭通
		市辖区	530601	市辖区
		昭阳区	530602	昭阳
		鲁甸县	530621	鲁甸
		巧家县	530622	巧家
		盐津县	530623	盐津
		大关县	530624	大关
		永善县	530625	永善
		绥江县	530626	绥江
		镇雄县	530627	镇雄
		彝良县	530628	彝良
		威信县	530629	威信
		水富市	530681	水富
	丽江市	530700	丽江
		市辖区	530701	市辖区
		古城区	530702	古城
		玉龙纳西族自治县	530721	玉龙
		永胜县	530722	永胜
		华坪县	530723	华坪
		宁蒗彝族自治县	530724	宁蒗
	普洱市	530800	普洱
		市辖区	530801	市辖区
		思茅区	530802	思茅
		宁洱哈尼族彝族自治县	530821	宁洱
		墨江哈尼族自治县	530822	墨江
		景东彝族自治县	530823	景东
		景谷傣族彝族自治县	530824	景谷
		镇沅彝族哈尼族拉祜族自治县	530825	镇沅
		江城哈尼族彝族自治县	530826	江城
		孟连傣族拉祜族佤族自治县	530827	孟连
		澜沧拉祜族自治县	530828	澜沧
		西盟佤族自治县	530829	西盟
	临沧市	530900	临沧
		市辖区	530901	市辖区
		临翔区	530902	临翔
		凤庆县	530921	凤庆
		云县	530922	云县
		永德县	530923	永德
		镇康县	530924	镇康
		双江拉祜族佤族布朗族傣族自治县	530925	双江
		耿马傣族佤族自治县	530926	耿马
		沧源佤族自治县	530927	沧源
	楚雄彝族自治州	532300	楚雄
		楚雄市	532301	楚雄市
		双柏县	532322	双柏
		牟定县	532323	牟定
		南华县	532324	南华
		姚安县	532325	姚安
		大姚县	532326	大姚
		永仁县	532327	永仁
		元谋县	532328	元谋
		武定县	532329	武定
		禄丰县	532331	禄丰
	红河哈尼族彝族自治州	532500	红河
		个旧市	532501	个旧
		开远市	532502	开远
		蒙自市	532503	蒙自
		弥勒市	532504	弥勒
		屏边苗族自治县	532523	屏边
		建水县	532524	建水
		石屏县	532525	石屏
		泸西县	532527	泸西
		元阳县	532528	元阳
		红河县	532529	红河
		金平苗族瑶族傣族自治县	532530	金平
		绿春县	532531	绿春
		河口瑶族自治县	532532	河口
	文山壮族苗族自治州	532600	文山
		文山市	532601	文山市
		砚山县	532622	砚山
		西畴县	532623	西畴
		麻栗坡县	532624	麻栗坡
		马关县	532625	马关
		丘北县	532626	丘北
		广南县	532627	广南
		富宁县	532628	富宁
	西双版纳傣族自治州	532800	西双版纳
		景洪市	532801	景洪
		勐海县	532822	勐海
		勐腊县	532823	勐腊
	大理白族自治州	532900	大理
		大理市	532901	大理市
		漾濞彝族自治县	532922	漾濞
		祥云县	532923	祥云
		宾川县	532924	宾川
		弥渡县	532925	弥渡
		南涧彝族自治县	532926	南涧
		巍山彝族回族自治县	532927	巍山
		永平县	532928	永平
		云龙县	532929	云龙
		洱源县	532930	洱源
		剑川县	532931	剑川
		鹤庆县	532932	鹤庆
	德宏傣族景颇族自治州	533100	德宏
		瑞丽市	533102	瑞丽
		芒市	533103	芒市
		梁河县	533122	梁河
		盈江县	533123	盈江
		陇川县	533124	陇川
	怒江傈僳族自治州	533300	怒江
		泸水市	533301	泸水
		福贡县	533323	福贡
		贡山独龙族怒族自治县	533324	贡山
		兰坪白族普米族自治县	533325	兰坪
	迪庆藏族自治州	533400	迪庆
		香格里拉市	533401	香格里拉
		德钦县	533422	德钦
		维西傈僳族自治县	533423	维西
西藏自治区	540000	西藏
	拉萨市	540100	拉萨
		市辖区	540101	市辖区
		城关区	540102	城关
		堆龙德庆区	540103	堆龙德庆
		达孜区	540104	达孜
		林周县	540121	林周
		当雄县	540122	当雄
		尼木县	540123	尼木
		曲水县	540124	曲水
		墨竹工卡县	540127	墨竹工卡
		格尔木藏青工业园区	540171	藏青工业园
		拉萨经济技术开发区	540172	经开区
		西藏文化旅游创意园区	540173	文旅区
		达孜工业园区	540174	达孜工业园
	日喀则市	540200	日喀则
		桑珠孜区	540202	桑珠孜
		南木林县	540221	南木林
		江孜县	540222	江孜
		定日县	540223	定日
		萨迦县	540224	萨迦
		拉孜县	540225	拉孜
		昂仁县	540226	昂仁
		谢通门县	540227	谢通门
		白朗县	540228	白朗
		仁布县	540229	仁布
		康马县	540230	康马
		定结县	540231	定结
		仲巴县	540232	仲巴
		亚东县	540233	亚东
		吉隆县	540234	吉隆
		聂拉木县	540235	聂拉木
		萨嘎县	540236	萨嘎
		岗巴县	540237	岗巴
	昌都市	540300	昌都
		卡若区	540302	卡若
		江达县	540321	江达
		贡觉县	540322	贡觉
		类乌齐县	540323	类乌齐
		丁青县	540324	丁青
		察雅县	540325	察雅
		八宿县	540326	八宿
		左贡县	540327	左贡
		芒康县	540328	芒康
		洛隆县	540329	洛隆
		边坝县	540330	边坝
	林芝市	540400	林芝
		巴宜区	540402	巴宜
		工布江达县	540421	工布江达
		米林县	540422	米林
		墨脱县	540423	墨脱
		波密县	540424	波密
		察隅县	540425	察隅
		朗县	540426	朗县
	山南市	540500	山南
		市辖区	540501	市辖区
		乃东区	540502	乃东
		扎囊县	540521	扎囊
		贡嘎县	540522	贡嘎
		桑日县	540523	桑日
		琼结县	540524	琼结
		曲松县	540525	曲松
		措美县	540526	措美
		洛扎县	540527	洛扎
		加查县	540528	加查
		隆子县	540529	隆子
		错那县	540530	错那
		浪卡子县	540531	浪卡子
	那曲市	540600	那曲
		色尼区	540602	色尼
		嘉黎县	540621	嘉黎
		比如县	540622	比如
		聂荣县	540623	聂荣
		安多县	540624	安多
		申扎县	540625	申扎
		索县	540626	索县
		班戈县	540627	班戈
		巴青县	540628	巴青
		尼玛县	540629	尼玛
		双湖县	540630	双湖
	阿里地区	542500	阿里地区
		普兰县	542521	普兰
		札达县	542522	札达
		噶尔县	542523	噶尔
		日土县	542524	日土
		革吉县	542525	革吉
		改则县	542526	改则
		措勤县	542527	措勤
陕西省	610000	陕西
	西安市	610100	西安
		市辖区	610101	市辖区
		新城区	610102	新城
		碑林区	610103	碑林
		莲湖区	610104	莲湖
		灞桥区	610111	灞桥
		未央区	610112	未央
		雁塔区	610113	雁塔
		阎良区	610114	阎良
		临潼区	610115	临潼
		长安区	610116	长安
		高陵区	610117	高陵
		鄠邑区	610118	鄠邑
		蓝田县	610122	蓝田
		周至县	610124	周至
	铜川市	610200	铜川
		市辖区	610201	市辖区
		王益区	610202	王益
		印台区	610203	印台
		耀州区	610204	耀州
		宜君县	610222	宜君
	宝鸡市	610300	宝鸡
		市辖区	610301	市辖区
		渭滨区	610302	渭滨
		金台区	610303	金台
		陈仓区	610304	陈仓
		凤翔县	610322	凤翔
		岐山县	610323	岐山
		扶风县	610324	扶风
		眉县	610326	眉县
		陇县	610327	陇县
		千阳县	610328	千阳
		麟游县	610329	麟游
		凤县	610330	凤县
		太白县	610331	太白
	咸阳市	610400	咸阳
		市辖区	610401	市辖区
		秦都区	610402	秦都
		杨陵区	610403	杨陵
		渭城区	610404	渭城
		三原县	610422	三原
		泾阳县	610423	泾阳
		乾县	610424	乾县
		礼泉县	610425	礼泉
		永寿县	610426	永寿
		长武县	610428	长武
		旬邑县	610429	旬邑
		淳化县	610430	淳化
		武功县	610431	武功
		兴平市	610481	兴平
		彬州市	610482	彬州
	渭南市	610500	渭南
		市辖区	610501	市辖区
		临渭区	610502	临渭
		华州区	610503	华州
		潼关县	610522	潼关
		大荔县	610523	大荔
		合阳县	610524	合阳
		澄城县	610525	澄城
		蒲城县	610526	蒲城
		白水县	610527	白水
		富平县	610528	富平
		韩城市	610581	韩城
		华阴市	610582	华阴
	延安市	610600	延安
		市辖区	610601	市辖区
		宝塔区	610602	宝塔
		安塞区	610603	安塞
		延长县	610621	延长
		延川县	610622	延川
		子长县	610623	子长
		志丹县	610625	志丹
		吴起县	610626	吴起
		甘泉县	610627	甘泉
		富县	610628	富县
		洛川县	610629	洛川
		宜川县	610630	宜川
		黄龙县	610631	黄龙
		黄陵县	610632	黄陵
		子长市	610681	子长
	汉中市	610700	汉中
		市辖区	610701	市辖区
		汉台区	610702	汉台
		南郑区	610703	南郑
		城固县	610722	城固
		洋县	610723	洋县
		西乡县	610724	西乡
		勉县	610725	勉县
		宁强县	610726	宁强
		略阳县	610727	略阳
		镇巴县	610728	镇巴
		留坝县	610729	留坝
		佛坪县	610730	佛坪
	榆林市	610800	榆林
		市辖区	610801	市辖区
		榆阳区	610802	榆阳
		横山区	610803	横山
		府谷县	610822	府谷
		靖边县	610824	靖边
		定边县	610825	定边
		绥德县	610826	绥德
		米脂县	610827	米脂
		佳县	610828	佳县
		吴堡县	610829	吴堡
		清涧县	610830	清涧
		子洲县	610831	子洲
		神木市	610881	神木
	安康市	610900	安康
		市辖区	610901	市辖区
		汉滨区	610902	汉滨
		汉阴县	610921	汉阴
		石泉县	610922	石泉
		宁陕县	610923	宁陕
		紫阳县	610924	紫阳
		岚皋县	610925	岚皋
		平利县	610926	平利
		镇坪县	610927	镇坪
		旬阳县	610928	旬阳
		白河县	610929	白河
	商洛市	611000	商洛
		市辖区	611001	市辖区
		商州区	611002	商州
		洛南县	611021	洛南
		丹凤县	611022	丹凤
		商南县	611023	商南
		山阳县	611024	山阳
		镇安县	611025	镇安
		柞水县	611026	柞水
甘肃省	620000	甘肃
	兰州市	620100	兰州
		市辖区	620101	市辖区
		城关区	620102	城关
		七里河区	620103	七里河
		西固区	620104	西固
		安宁区	620105	安宁
		红古区	620111	红古
		永登县	620121	永登
		皋兰县	620122	皋兰
		榆中县	620123	榆中
		兰州新区	620171	新区
	嘉峪关市	620200	嘉峪关
		市辖区	620201	市辖区
	金昌市	620300	金昌
		市辖区	620301	市辖区
		金川区	620302	金川
		永昌县	620321	永昌
	白银市	620400	白银
		市辖区	620401	市辖区
		白银区	620402	白银
		平川区	620403	平川
		靖远县	620421	靖远
		会宁县	620422	会宁
		景泰县	620423	景泰
	天水市	620500	天水
		市辖区	620501	市辖区
		秦州区	620502	秦州
		麦积区	620503	麦积
		清水县	620521	清水
		秦安县	620522	秦安
		甘谷县	620523	甘谷
		武山县	620524	武山
		张家川回族自治县	620525	张家川
	武威市	620600	武威
		市辖区	620601	市辖区
		凉州区	620602	凉州
		民勤县	620621	民勤
		古浪县	620622	古浪
		天祝藏族自治县	620623	天祝
	张掖市	620700	张掖
		市辖区	620701	市辖区
		甘州区	620702	甘州
		肃南裕固族自治县	620721	肃南
		民乐县	620722	民乐
		临泽县	620723	临泽
		高台县	620724	高台
		山丹县	620725	山丹
	平凉市	620800	平凉
		市辖区	620801	市辖区
		崆峒区	620802	崆峒
		泾川县	620821	泾川
		灵台县	620822	灵台
		崇信县	620823	崇信
		庄浪县	620825	庄浪
		静宁县	620826	静宁
		华亭市	620881	华亭
	酒泉市	620900	酒泉
		市辖区	620901	市辖区
		肃州区	620902	肃州
		金塔县	620921	金塔
		瓜州县	620922	瓜州
		肃北蒙古族自治县	620923	肃北
		阿克塞哈萨克族自治县	620924	阿克塞
		玉门市	620981	玉门
		敦煌市	620982	敦煌
	庆阳市	621000	庆阳
		市辖区	621001	市辖区
		西峰区	621002	西峰
		庆城县	621021	庆城
		环县	621022	环县
		华池县	621023	华池
		合水县	621024	合水
		正宁县	621025	正宁
		宁县	621026	宁县
		镇原县	621027	镇原
	定西市	621100	定西
		市辖区	621101	市辖区
		安定区	621102	安定
		通渭县	621121	通渭
		陇西县	621122	陇西
		渭源县	621123	渭源
		临洮县	621124	临洮
		漳县	621125	漳县
		岷县	621126	岷县
	陇南市	621200	陇南
		市辖区	621201	市辖区
		武都区	621202	武都
		成县	621221	成县
		文县	621222	文县
		宕昌县	621223	宕昌
		康县	621224	康县
		西和县	621225	西和
		礼县	621226	礼县
		徽县	621227	徽县
		两当县	621228	两当
	临夏回族自治州	622900	临夏
		临夏市	622901	临夏市
		临夏县	622921	临夏县
		康乐县	622922	康乐
		永靖县	622923	永靖
		广河县	622924	广河
		和政县	622925	和政
		东乡族自治县	622926	东乡县
		积石山保安族东乡族撒拉族自治县	622927	积石山
	甘南藏族自治州	623000	甘南
		合作市	623001	合作
		临潭县	623021	临潭
		卓尼县	623022	卓尼
		舟曲县	623023	舟曲
		迭部县	623024	迭部
		玛曲县	623025	玛曲
		碌曲县	623026	碌曲
		夏河县	623027	夏河
青海省	630000	青海
	西宁市	630100	西宁
		市辖区	630101	市辖区
		城东区	630102	城东
		城中区	630103	城中
		城西区	630104	城西
		城北区	630105	城北
		湟中区	630106	湟中
		大通回族土族自治县	630121	大通
		湟中县	630122	湟中
		湟源县	630123	湟源
	海东市	630200	海东
		乐都区	630202	乐都
		平安区	630203	平安
		民和回族土族自治县	630222	民和
		互助土族自治县	630223	互助
		化隆回族自治县	630224	化隆
		循化撒拉族自治县	630225	循化
	海北藏族自治州	632200	海北
		门源回族自治县	632221	门源
		祁连县	632222	祁连
		海晏县	632223	海晏
		刚察县	632224	刚察
	黄南藏族自治州	632300	黄南
		同仁县	632321	同仁
		尖扎县	632322	尖扎
		泽库县	632323	泽库
		河南蒙古族自治县	632324	河南县
	海南藏族自治州	632500	海南州
		共和县	632521	共和
		同德县	632522	同德
		贵德县	632523	贵德
		兴海县	632524	兴海
		贵南县	632525	贵南
	果洛藏族自治州	632600	果洛
		玛沁县	632621	玛沁
		班玛县	632622	班玛
		甘德县	632623	甘德
		达日县	632624	达日
		久治县	632625	久治
		玛多县	632626	玛多
	玉树藏族自治州	632700	玉树
		玉树市	632701	玉树市
		杂多县	632722	杂多
		称多县	632723	称多
		治多县	632724	治多
		囊谦县	632725	囊谦
		曲麻莱县	632726	曲麻莱
	海西蒙古族藏族自治州	632800	海西
		格尔木市	632801	格尔木
		德令哈市	632802	德令哈
		茫崖市	632803	茫崖
		乌兰县	632821	乌兰
		都兰县	632822	都兰
		天峻县	632823	天峻
		大柴旦行政委员会	632857	大柴旦
宁夏回族自治区	640000	宁夏
	银川市	640100	银川
		市辖区	640101	市辖区
		兴庆区	640104	兴庆
		西夏区	640105	西夏
		金凤区	640106	金凤
		永宁县	640121	永宁
		贺兰县	640122	贺兰
		灵武市	640181	灵武
	石嘴山市	640200	石嘴山
		市辖区	640201	市辖区
		大武口区	640202	大武口
		惠农区	640205	惠农
		平罗县	640221	平罗
	吴忠市	640300	吴忠
		市辖区	640301	市辖区
		利通区	640302	利通
		红寺堡区	640303	红寺堡
		盐池县	640323	盐池
		同心县	640324	同心
		青铜峡市	640381	青铜峡
	固原市	640400	固原
		市辖区	640401	市辖区
		原州区	640402	原州
		西吉县	640422	西吉
		隆德县	640423	隆德
		泾源县	640424	泾源
		彭阳县	640425	彭阳
	中卫市	640500	中卫
		市辖区	640501	市辖区
		沙坡头区	640502	沙坡头
		中宁县	640521	中宁
		海原县	640522	海原
新疆维吾尔自治区	650000	新疆
	乌鲁木齐市	650100	乌鲁木齐
		市辖区	650101	市辖区
		天山区	650102	天山
		沙依巴克区	650103	沙依巴克
		新市区	650104	新市
		水磨沟区	650105	水磨沟
		头屯河区	650106	头屯河
		达坂城区	650107	达坂城
		米东区	650109	米东
		乌鲁木齐县	650121	乌鲁木齐县
		乌鲁木齐经济技术开发区	650171	经开区
		乌鲁木齐高新技术产业开发区	650172	高新区
	克拉玛依市	650200	克拉玛依
		市辖区	650201	市辖区
		独山子区	650202	独山子
		克拉玛依区	650203	克拉玛依
		白碱滩区	650204	白碱滩
		乌尔禾区	650205	乌尔禾
	吐鲁番市	650400	吐鲁番
		高昌区	650402	高昌
		鄯善县	650421	鄯善
		托克逊县	650422	托克逊
	哈密市	650500	哈密
		伊州区	650502	伊州
		巴里坤哈萨克自治县	650521	巴里坤
		伊吾县	650522	伊吾
	昌吉回族自治州	652300	昌吉
		昌吉市	652301	昌吉市
		阜康市	652302	阜康
		呼图壁县	652323	呼图壁
		玛纳斯县	652324	玛纳斯
		奇台县	652325	奇台
		吉木萨尔县	652327	吉木萨尔
		木垒哈萨克自治县	652328	木垒
	博尔塔拉蒙古自治州	652700	博尔塔拉
		博乐市	652701	博乐
		阿拉山口市	652702	阿拉山口
		精河县	652722	精河
		温泉县	652723	温泉
	巴音郭楞蒙古自治州	652800	巴州
		库尔勒市	652801	库尔勒
		轮台县	652822	轮台
		尉犁县	652823	尉犁
		若羌县	652824	若羌
		且末县	652825	且末
		焉耆回族自治县	652826	焉耆
		和静县	652827	和静
		和硕县	652828	和硕
		博湖县	652829	博湖
		库尔勒经济技术开发区	652871	经开区
	阿克苏地区	652900	阿克苏
		阿克苏市	652901	阿克苏市
		库车市	652902	库车
		温宿县	652922	温宿
		库车县	652923	库车
		沙雅县	652924	沙雅
		新和县	652925	新和
		拜城县	652926	拜城
		乌什县	652927	乌什
		阿瓦提县	652928	阿瓦提
		柯坪县	652929	柯坪
	克孜勒苏柯尔克孜自治州	653000	克州
		阿图什市	653001	阿图什
		阿克陶县	653022	阿克陶
		阿合奇县	653023	阿合奇
		乌恰县	653024	乌恰
	喀什地区	653100	喀什
		喀什市	653101	喀什市
		疏附县	653121	疏附
		疏勒县	653122	疏勒
		英吉沙县	653123	英吉沙
		泽普县	653124	泽普
		莎车县	653125	莎车
		叶城县	653126	叶城
		麦盖提县	653127	麦盖提
		岳普湖县	653128	岳普湖
		伽师县	653129	伽师
		巴楚县	653130	巴楚
		塔什库尔干塔吉克自治县	653131	塔县
	和田地区	653200	和田
		和田市	653201	和田市
		和田县	653221	和田县
		墨玉县	653222	墨玉
		皮山县	653223	皮山
		洛浦县	653224	洛浦
		策勒县	653225	策勒
		于田县	653226	于田
		民丰县	653227	民丰
	伊犁哈萨克自治州	654000	伊犁
		伊宁市	654002	伊宁
		奎屯市	654003	奎屯
		霍尔果斯市	654004	霍尔果斯
		伊宁县	654021	伊宁县
		察布查尔锡伯自治县	654022	察布查尔
		霍城县	654023	霍城
		巩留县	654024	巩留
		新源县	654025	新源
		昭苏县	654026	昭苏
		特克斯县	654027	特克斯
		尼勒克县	654028	尼勒克
	塔城地区	654200	塔城
		塔城市	654201	塔城市
		乌苏市	654202	乌苏
		额敏县	654221	额敏
		沙湾县	654223	沙湾
		托里县	654224	托里
		裕民县	654225	裕民
		和布克赛尔蒙古自治县	654226	和布
	阿勒泰地区	654300	阿勒泰
		阿勒泰市	654301	阿勒泰市
		布尔津县	654321	布尔津
		富蕴县	654322	富蕴
		福海县	654323	福海
		哈巴河县	654324	哈巴河
		青河县	654325	青河
		吉木乃县	654326	吉木乃
	石河子市	659001	石河子
	阿拉尔市	659002	阿拉尔
	图木舒克市	659003	图木舒克
	五家渠市	659004	五家渠
	铁门关市	659006	铁门关
	北屯市	659005	北屯
	双河市	659007	双河
	可克达拉市	659008	可克达拉
	昆玉市	659009	昆玉
	胡杨河市	659010	胡杨河
香港特别行政区	810000	香港
	香港
		中西区
		东区
		南区
		湾仔区
		九龙城区
		观塘区
		深水埗区
		黄大仙区
		油尖旺区
		离岛区
		奎青区
		北区
		西贡区
		沙田区
		大埔区
		荃湾区
		屯门区
		元朗区
澳门特别行政区	820000	澳门
	澳门
		花地玛堂区
		圣安多尼堂区
		大堂区
		望德堂区
		风顺堂区
		嘉模堂区
		圣方济各堂区
		路氹城
台湾省	710000	台湾
	台北市
		中正区
		万华区
		大同区
		中山区
		松山区
		大安区
		信义区
		内湖区
		南港区
		士林区
		北投区
		文山区
	新北市
		板桥区
		汐止区
		新店区
		永和区
		中和区
		土城区
		树林区
		三重区
		新庄区
		芦洲市
		瑞芳区
		三峡区
		莺歌区
		淡水区
		万里区
		金山区
		深坑区
		石碇区
		平溪区
		双溪区
		贡寮区
		坪林区
		乌来区
		泰山区
		林口区
		五股区
		八里区
		三芝区
		石门区
	桃园区
		大树林区
		市中区
		中路区
		埔子区
		会稽区
		南崁新市镇都市计划特定区
	台中市
		中区
		东区
		西区
		南区
		北区
		西屯区
		南屯区
		北屯区
		丰原区
		大里区
		太平区
		东势区
		大甲区
		清水区
		沙鹿区
		梧栖区
		后里区
		神冈区
		潭子区
		大雅区
		新小区
		石冈区
		外埔区
		大安区
		乌日区
		大肚区
		龙井区
		雾峰区
		和平区
	台南市
		中西区
		东区
		南区
		北区
		安平区
		安南区
		永康区
		归仁区
		新化区
		左镇区
		玉井区
		楠西区
		南化区
		仁德区
		关庙区
		龙崎区
		官田区
		麻豆区
		佳里区
		西港区
		七股区
		将军区
		学甲区
		北门区
		新营区
		后壁区
		白河区
		东山区
		六甲区
		下营区
		柳营区
		盐水区
		善化区
		大内区
		山上区
		新市区
	高雄市
		楠梓区
		左营区
		鼓山区
		三民区
		盐埕区
		前金区
		新兴区
		苓雅区
		前镇区
		旗津区
		小港区
		小港区
		凤山区
		大寮区
		鸟松区
		林园区
		仁武区
		大树区
		大社区
		冈山区
		路竹区
		桥头区
		梓官区
		弥陀区
		永安区
		燕巢区
		阿莲区
		茄萣区
		湖内区
		旗山区
		美浓区
		内门区
		杉林区
		甲仙区
		六龟区
		茂林区
		桃源区
		那玛夏区
